{"type":"FeatureCollection","features":[{"type":"Feature","properties":{"description":"Land areas outside Finland \u2014 covers only land, not water"},"geometry":{"type":"MultiPolygon","coordinates":[[[[-1.77793,57.49375],[-1.78066,57.47402],[-1.83472,57.41997],[-1.93447,57.3522],[-2.0,57.28097],[-2.0,57.68546],[-1.96152,57.67666],[-1.86738,57.61235],[-1.77793,57.49375]]],[[[12.32324,56.12212],[12.42822,56.10586],[12.52578,56.0834],[12.57871,56.06406],[12.6084,56.03301],[12.57922,56.0],[11.93208,56.0],[12.03965,56.05215],[12.21894,56.11865],[12.32324,56.12212]]],[[[17.11768,57.31982],[17.05039,57.28047],[17.0582,57.22925],[17.05352,57.20801],[16.88369,56.98521],[16.83828,56.84053],[16.77803,56.80523],[16.52852,56.29053],[16.47715,56.24019],[16.43164,56.24375],[16.40127,56.31089],[16.39414,56.48364],[16.4123,56.56899],[16.63037,56.87685],[16.72773,56.902],[16.86465,57.09067],[16.90156,57.17461],[16.96094,57.25019],[16.996,57.31777],[17.02539,57.34507],[17.08926,57.33228],[17.11768,57.31982]]],[[[11.05215,57.25254],[11.01143,57.2291],[10.87383,57.26226],[10.93457,57.30859],[11.08574,57.32993],[11.17451,57.3229],[11.07686,57.2769],[11.05215,57.25254]]],[[[18.38721,57.08765],[18.34023,56.97822],[18.24893,56.93154],[18.14639,56.92051],[18.20654,57.01016],[18.28535,57.0832],[18.20957,57.1333],[18.16397,57.21172],[18.10508,57.27188],[18.15195,57.33906],[18.12891,57.44917],[18.13652,57.55664],[18.20488,57.61089],[18.2832,57.65513],[18.40518,57.75684],[18.5374,57.83057],[18.72188,57.86372],[18.80518,57.83315],[18.84111,57.90019],[18.90059,57.91548],[18.95644,57.9],[19.07646,57.83594],[18.99375,57.81211],[18.94512,57.7416],[18.87813,57.72969],[18.81387,57.7062],[18.79092,57.48311],[18.90791,57.39834],[18.84365,57.38647],[18.78486,57.36108],[18.74287,57.32353],[18.6999,57.24273],[18.53848,57.19692],[18.47734,57.16304],[18.38721,57.08765]]],[[[18.41621,59.0291],[18.37187,59.01958],[18.3499,59.02261],[18.37725,59.06904],[18.39756,59.08911],[18.46494,59.10786],[18.48555,59.10459],[18.41621,59.0291]]],[[[18.6209,59.5478],[18.69844,59.53462],[18.69795,59.52461],[18.62383,59.49219],[18.59541,59.47036],[18.57031,59.43726],[18.54512,59.47783],[18.55518,59.48579],[18.57236,59.52583],[18.6209,59.5478]]],[[[-1.28379,59.88691],[-1.29946,59.87866],[-1.35586,59.91113],[-1.29951,60.03984],[-1.27617,60.11465],[-1.29092,60.15347],[-1.3228,60.18838],[-1.40903,60.1895],[-1.48149,60.17339],[-1.49687,60.19399],[-1.49912,60.22178],[-1.5166,60.23101],[-1.61304,60.2291],[-1.64136,60.23677],[-1.66006,60.26226],[-1.66377,60.28252],[-1.57666,60.29839],[-1.49443,60.29248],[-1.37461,60.33291],[-1.44956,60.46856],[-1.54883,60.4813],[-1.57178,60.49443],[-1.55264,60.51743],[-1.49815,60.52983],[-1.41421,60.59873],[-1.36397,60.60957],[-1.30171,60.60767],[-1.30811,60.5375],[-1.2874,60.46704],[-1.23574,60.4853],[-1.15776,60.41772],[-1.11797,60.41763],[-1.05244,60.44448],[-1.06567,60.38159],[-1.13369,60.20698],[-1.15278,60.17734],[-1.16572,60.12427],[-1.17925,60.11392],[-1.19932,60.00659],[-1.24531,59.97124],[-1.28379,59.88691]]],[[[4.95557,60.24331],[4.94355,60.27241],[4.95078,60.34116],[4.93008,60.41206],[4.95723,60.44727],[4.99062,60.45205],[5.0502,60.38896],[5.08584,60.30757],[5.08906,60.18877],[4.99697,60.19775],[4.95557,60.24331]]],[[[-1.16553,60.60391],[-1.09331,60.72022],[-1.00561,60.7165],[-0.99165,60.68603],[-1.00034,60.65801],[-1.04502,60.65552],[-1.04902,60.64692],[-1.03511,60.59292],[-1.03423,60.53018],[-1.04253,60.51387],[-1.06787,60.50229],[-1.16553,60.60391]]],[[[-0.77432,60.80049],[-0.82617,60.71616],[-0.82549,60.68394],[-0.90913,60.68701],[-0.92227,60.69727],[-0.93809,60.74565],[-0.92754,60.79717],[-0.91582,60.81045],[-0.89141,60.81592],[-0.86494,60.80581],[-0.82344,60.83188],[-0.80181,60.83125],[-0.77427,60.81196],[-0.77432,60.80049]]],[[[4.95869,61.08457],[4.87012,61.07192],[4.79902,61.08272],[4.82441,61.17822],[4.86162,61.19385],[4.91543,61.19937],[4.97324,61.14824],[4.95869,61.08457]]],[[[7.93838,63.4498],[8.07353,63.4708],[8.13613,63.43135],[8.14092,63.36641],[8.10273,63.3376],[8.00469,63.33691],[7.88828,63.35234],[7.81533,63.38506],[7.804,63.41392],[7.93838,63.4498]]],[[[8.45127,63.73184],[8.70889,63.77432],[8.7334,63.80132],[8.76465,63.80464],[8.80918,63.77144],[8.81484,63.72598],[8.78652,63.70347],[8.4708,63.66714],[8.35615,63.66479],[8.28711,63.68716],[8.45127,63.73184]]],[[[10.81348,64.92324],[11.021,64.97871],[11.13262,64.97617],[11.24619,64.90791],[11.23145,64.86587],[11.179,64.83804],[11.0625,64.8604],[10.83252,64.84311],[10.73984,64.87031],[10.81348,64.92324]]],[[[11.97236,65.70156],[12.00322,65.67944],[11.96797,65.62651],[11.90185,65.5957],[11.77832,65.60454],[11.76514,65.63096],[11.80039,65.68389],[11.87539,65.70591],[11.97236,65.70156]]],[[[12.54883,66.0019],[12.64238,66.00854],[12.74707,66.01138],[12.77881,65.9917],[12.71865,65.96387],[12.50957,65.90195],[12.42949,65.89907],[12.43018,65.93994],[12.47607,65.9771],[12.54883,66.0019]]],[[[12.44639,66.15132],[12.46133,66.18501],[12.52744,66.21055],[12.6208,66.17793],[12.62266,66.12246],[12.57637,66.07192],[12.41992,66.04326],[12.32734,66.03662],[12.34277,66.08076],[12.41768,66.12266],[12.44639,66.15132]]],[[[13.12285,68.04941],[13.09775,68.00269],[13.09824,67.95645],[13.07461,67.93457],[12.97178,67.87412],[12.82402,67.82124],[12.87793,67.91777],[12.95772,68.01548],[13.06807,68.07134],[13.12285,68.04941]]],[[[13.40439,68.06069],[13.3915,68.02124],[13.35205,68.00967],[13.2294,67.99536],[13.19951,68.08726],[13.25596,68.1206],[13.3002,68.16045],[13.36797,68.16655],[13.42871,68.16323],[13.53799,68.24902],[13.68769,68.27339],[13.78408,68.27612],[13.87285,68.26533],[13.93232,68.24824],[14.0877,68.25322],[14.11885,68.24683],[14.09678,68.2186],[14.0293,68.18755],[13.8877,68.16851],[13.82402,68.12109],[13.77842,68.10498],[13.65615,68.10479],[13.58398,68.09385],[13.49521,68.05166],[13.42422,68.08276],[13.40439,68.06069]]],[[[16.51924,68.63301],[16.33799,68.56787],[16.19394,68.53848],[16.04844,68.46367],[15.97529,68.40249],[15.9125,68.38926],[15.87275,68.39424],[15.8374,68.40903],[15.76367,68.40908],[15.68252,68.35601],[15.4375,68.31284],[15.34141,68.32529],[15.33701,68.37822],[15.27969,68.37383],[15.18789,68.3104],[15.09805,68.28921],[15.03769,68.28271],[14.92685,68.30659],[14.62891,68.19849],[14.34951,68.17827],[14.25752,68.19077],[14.25723,68.25693],[14.43779,68.34155],[14.58584,68.40034],[15.09531,68.44141],[15.4126,68.61582],[15.48926,68.80532],[15.56426,68.87373],[15.529,68.9124],[15.44365,68.91919],[15.43848,68.97856],[15.48301,69.04346],[15.64951,69.13257],[15.74199,69.17051],[15.89268,69.27788],[15.96533,69.30205],[16.04805,69.30205],[16.12949,69.27393],[16.11484,69.21641],[15.99268,69.11265],[15.81172,69.02422],[15.83379,68.96074],[15.90586,68.9085],[15.92353,68.81919],[15.92793,68.7332],[15.79072,68.61704],[15.76035,68.56123],[15.77236,68.5542],[15.90859,68.65049],[16.05957,68.68052],[16.06894,68.71401],[16.12744,68.74644],[16.1208,68.79936],[16.15059,68.84238],[16.22754,68.85376],[16.27559,68.86831],[16.32891,68.87632],[16.42519,68.84155],[16.47969,68.80293],[16.54736,68.71655],[16.51924,68.63301]]],[[[14.49668,68.77187],[14.55371,68.81885],[14.69043,68.8147],[14.72461,68.8001],[14.80185,68.79097],[14.84883,68.84756],[14.83799,68.88667],[14.87236,68.91387],[15.0375,68.89429],[15.03779,69.00054],[15.10186,69.00801],[15.12813,69.00396],[15.17559,68.98154],[15.20713,68.94312],[15.33721,68.84243],[15.39658,68.78359],[15.34844,68.67241],[15.22207,68.61631],[15.02705,68.60635],[14.89023,68.61099],[14.804,68.63799],[14.79326,68.66826],[14.74346,68.6772],[14.61211,68.63833],[14.5208,68.63306],[14.40469,68.66323],[14.37344,68.71143],[14.49668,68.77187]]],[[[17.77353,69.17202],[17.56816,69.1604],[17.48789,69.19683],[17.32363,69.13003],[17.16094,69.02593],[17.08252,69.01367],[17.07705,69.04663],[16.96016,69.06938],[16.81045,69.0707],[16.81543,69.09512],[16.84258,69.11235],[16.97178,69.13789],[16.99756,69.19062],[16.97412,69.28472],[16.99687,69.33037],[17.00176,69.36191],[17.08301,69.39883],[17.36084,69.38149],[17.39453,69.4167],[17.37344,69.43887],[17.22988,69.47769],[17.25195,69.50381],[17.35557,69.52715],[17.45361,69.53018],[17.4831,69.56968],[17.48818,69.58687],[17.50303,69.59624],[17.62324,69.53906],[17.67734,69.55654],[17.78369,69.56304],[17.86279,69.54297],[17.92744,69.50664],[18.0041,69.50498],[18.05225,69.45752],[18.07676,69.39575],[18.02109,69.34961],[17.94209,69.32871],[17.9207,69.27432],[17.95068,69.19814],[17.77353,69.17202]]],[[[18.80068,69.60537],[18.78477,69.579],[18.41025,69.55283],[18.27412,69.5355],[18.12988,69.55786],[18.06152,69.6021],[18.0835,69.62612],[18.22744,69.63574],[18.23203,69.67676],[18.26846,69.70181],[18.31504,69.71548],[18.34932,69.76787],[18.40625,69.78154],[18.5124,69.76865],[18.58398,69.80659],[18.62432,69.81304],[18.67402,69.78164],[18.69795,69.82485],[18.67402,69.86431],[18.68652,69.89092],[18.82383,69.96011],[18.8832,70.01055],[18.96865,70.04302],[19.05098,70.03784],[19.0749,70.08569],[19.05098,70.13467],[19.06006,70.1666],[19.13272,70.24414],[19.2127,70.24746],[19.24941,70.17856],[19.25508,70.06641],[19.34375,70.01196],[19.42227,70.01719],[19.4459,70.03774],[19.49951,70.0479],[19.60781,70.01914],[19.59229,69.97017],[19.44238,69.9084],[19.33477,69.82026],[19.19707,69.79981],[19.13086,69.81045],[19.00781,69.75957],[18.90918,69.70669],[18.80693,69.63984],[18.80068,69.60537]]],[[[19.15635,57.92261],[19.13838,57.86025],[19.08652,57.86499],[19.03926,57.91103],[19.13486,57.98135],[19.28115,57.97754],[19.33144,57.96289],[19.15635,57.92261]]],[[[22.49844,58.23623],[22.37168,58.21714],[22.26934,58.16074],[22.22734,58.05181],[22.15244,57.9668],[22.07627,57.93603],[21.99687,57.93135],[21.97803,57.96328],[21.98555,57.99517],[22.15293,58.11533],[22.1877,58.15435],[22.1044,58.17168],[22.03457,58.21338],[21.88213,58.26235],[21.85449,58.30166],[21.89102,58.30459],[21.92441,58.31587],[21.96504,58.34883],[21.98408,58.38667],[21.8623,58.49717],[21.92441,58.51426],[22.00185,58.51025],[22.08135,58.47812],[22.16856,58.51582],[22.20557,58.52139],[22.2666,58.50796],[22.32812,58.58086],[22.47441,58.60488],[22.54697,58.62739],[22.61738,58.62124],[22.68838,58.59702],[22.75381,58.60469],[22.82012,58.62153],[22.96426,58.60571],[23.29287,58.4835],[23.32324,58.45083],[23.12715,58.43599],[23.08262,58.39849],[23.03545,58.37231],[22.97988,58.36387],[22.88516,58.31128],[22.75703,58.26089],[22.73027,58.23066],[22.49844,58.23623]]],[[[23.35645,58.57554],[23.34355,58.55034],[23.26035,58.53999],[23.06348,58.61108],[23.10908,58.65923],[23.16543,58.67813],[23.33281,58.64858],[23.35645,58.57554]]],[[[22.58721,59.0812],[22.64941,59.08711],[22.70225,59.07441],[22.71221,59.03198],[22.72549,59.01509],[22.90986,58.99121],[22.98164,58.91982],[23.00869,58.83394],[22.92373,58.8269],[22.8417,58.77744],[22.79287,58.79722],[22.76729,58.8209],[22.66143,58.70918],[22.54219,58.68999],[22.47266,58.71206],[22.47891,58.75381],[22.41103,58.86338],[22.30742,58.89546],[22.16191,58.89849],[22.05625,58.9436],[22.4626,58.97432],[22.50459,59.02647],[22.58721,59.0812]]],[[[35.84844,65.14268],[35.8584,65.07793],[35.82734,65.03647],[35.84228,65.00146],[35.77871,64.97666],[35.68008,65.05762],[35.62139,65.05879],[35.55859,65.0936],[35.52891,65.15107],[35.58574,65.16709],[35.60869,65.15713],[35.7291,65.19756],[35.81611,65.18208],[35.84844,65.14268]]],[[[42.63144,66.78223],[42.69072,66.7353],[42.71367,66.70171],[42.67559,66.68809],[42.47734,66.73506],[42.46006,66.77036],[42.46856,66.78555],[42.54746,66.79551],[42.63144,66.78223]]],[[[48.31592,68.94238],[48.29443,68.98423],[48.27881,69.04033],[48.28027,69.09663],[48.29629,69.18389],[48.31992,69.26924],[48.41387,69.34565],[48.63135,69.43604],[48.84492,69.49473],[48.95332,69.50928],[49.22519,69.51123],[49.99629,69.30942],[50.16728,69.25708],[50.26523,69.1856],[50.28301,69.08887],[50.2206,69.04878],[50.16445,69.03755],[50.14092,69.09815],[50.09394,69.12554],[49.9208,69.05327],[49.83984,68.97378],[49.62627,68.85972],[49.18047,68.77842],[48.91035,68.74307],[48.66699,68.73315],[48.43906,68.80488],[48.31592,68.94238]]],[[[29.91397,69.90244],[29.99297,69.87324],[30.05518,69.83838],[29.95615,69.79678],[29.76621,69.76753],[29.74424,69.7916],[29.78594,69.82905],[29.83584,69.90557],[29.91397,69.90244]]],[[[20.72529,70.0665],[20.64258,70.05703],[20.59805,70.07144],[20.53467,70.08091],[20.46426,70.07656],[20.40508,70.11914],[20.41172,70.15488],[20.49277,70.20332],[20.65488,70.23086],[20.78603,70.21953],[20.81943,70.20547],[20.7792,70.08975],[20.72529,70.0665]]],[[[19.68379,70.27358],[19.76748,70.2167],[19.81836,70.20498],[19.86865,70.21226],[19.91045,70.2019],[19.99414,70.14927],[20.08428,70.12856],[20.08848,70.10205],[20.00596,70.07622],[19.89727,70.06846],[19.78086,70.07744],[19.74668,70.1105],[19.71084,70.16533],[19.61348,70.21909],[19.59902,70.26616],[19.68379,70.27358]]],[[[22.94102,70.44458],[23.02246,70.48691],[23.1584,70.51606],[23.24805,70.50513],[23.54668,70.61709],[23.57891,70.59365],[23.61533,70.54932],[23.63398,70.50254],[23.64102,70.46397],[23.54775,70.40815],[23.33281,70.33496],[23.34512,70.31528],[23.2707,70.29648],[23.15918,70.28262],[23.10029,70.29609],[23.1084,70.35884],[23.09062,70.37764],[23.00596,70.35278],[22.91787,70.38467],[22.91777,70.41675],[22.94102,70.44458]]],[[[23.7166,70.56186],[23.67012,70.59707],[23.66328,70.67524],[23.68916,70.7228],[23.77842,70.74736],[23.83652,70.72939],[23.85205,70.71435],[23.95644,70.69961],[24.07832,70.65059],[24.01758,70.56738],[23.82715,70.52749],[23.7166,70.56186]]],[[[22.05576,70.61333],[21.99453,70.65713],[22.17002,70.6563],[22.23262,70.66689],[22.35029,70.65767],[22.421,70.70259],[22.5707,70.69717],[22.8581,70.72842],[22.96357,70.71099],[23.20469,70.81548],[23.28018,70.81274],[23.3956,70.84258],[23.44053,70.81577],[23.4209,70.78442],[23.38711,70.75391],[23.30518,70.72168],[23.06816,70.59409],[22.92891,70.57354],[22.88477,70.55352],[22.8291,70.54155],[22.65605,70.55903],[22.60537,70.53315],[22.55752,70.51587],[22.43223,70.50918],[22.35869,70.5148],[22.16875,70.56211],[22.05576,70.61333]]],[[[25.58633,71.14209],[25.85352,71.10386],[25.94502,71.10464],[26.07764,71.03315],[26.14688,71.0395],[26.13379,70.9958],[25.99971,70.9751],[25.79131,70.9625],[25.76016,70.95381],[25.58203,70.96079],[25.48203,71.01958],[25.31494,71.03413],[25.31523,71.05298],[25.42344,71.09741],[25.58633,71.14209]]],[[[51.6916,71.52515],[51.59043,71.57114],[51.51133,71.6481],[51.43867,71.77681],[51.42861,71.82554],[51.44356,71.93438],[51.48223,71.97979],[51.50441,72.0],[52.0,72.0],[52.0,71.47869],[51.93789,71.47471],[51.8126,71.49131],[51.6916,71.52515]]],[[[18.28535,59.10938],[18.09814,59.06231],[17.97461,59.00264],[17.829,58.95459],[17.76543,58.96504],[17.66963,58.91621],[17.45674,58.8584],[17.34766,58.78052],[17.10283,58.71084],[16.97812,58.65415],[16.63935,58.65117],[16.31582,58.66362],[16.21426,58.63667],[16.31807,58.62832],[16.39082,58.60186],[16.47803,58.61289],[16.68301,58.59966],[16.78848,58.58525],[16.92383,58.49258],[16.82432,58.45962],[16.65195,58.43433],[16.7166,58.30288],[16.76992,58.21426],[16.7001,58.16079],[16.69492,57.91753],[16.59697,57.91289],[16.55537,57.81226],[16.58623,57.76094],[16.58379,57.64175],[16.6042,57.56831],[16.65225,57.50068],[16.63086,57.43018],[16.47598,57.26514],[16.47949,57.18769],[16.50732,57.1417],[16.52793,57.06816],[16.45752,56.92681],[16.40781,56.80869],[16.34873,56.70928],[16.2165,56.58999],[16.15068,56.50083],[15.99668,56.22261],[15.92031,56.16738],[15.82666,56.12495],[15.72227,56.16421],[15.62656,56.1856],[15.50967,56.18301],[15.32656,56.15083],[15.05117,56.17222],[14.78203,56.16191],[14.71396,56.13413],[14.75479,56.03315],[14.65557,56.01992],[14.55859,56.04863],[14.47324,56.01436],[14.44602,56.0],[12.72277,56.0],[12.59258,56.1376],[12.521,56.24556],[12.47119,56.29053],[12.50703,56.29297],[12.70635,56.23501],[12.75283,56.24214],[12.80166,56.26392],[12.74219,56.34687],[12.69111,56.38442],[12.65644,56.44058],[12.77314,56.45576],[12.85742,56.45239],[12.91953,56.51558],[12.88369,56.61773],[12.79316,56.64917],[12.71758,56.66284],[12.57266,56.82329],[12.42148,56.9064],[12.15185,57.22695],[12.05322,57.44697],[11.96152,57.42607],[11.91699,57.52192],[11.88506,57.6127],[11.87871,57.67944],[11.73496,57.71768],[11.7291,57.76445],[11.70322,57.97319],[11.54902,58.00122],[11.44932,58.11836],[11.43154,58.33999],[11.32998,58.38032],[11.24824,58.36914],[11.25205,58.42407],[11.27158,58.47563],[11.22383,58.67993],[11.20791,58.86641],[11.16914,58.92271],[11.14717,58.98862],[11.1669,59.04556],[11.1958,59.07827],[11.29531,59.08687],[11.38828,59.03652],[11.38643,59.06572],[11.36592,59.10454],[11.13213,59.14321],[11.09082,59.1418],[10.99893,59.16445],[10.94502,59.17085],[10.83447,59.18394],[10.74258,59.296],[10.64492,59.38921],[10.63105,59.42817],[10.63438,59.60249],[10.60449,59.68003],[10.59531,59.76455],[10.53389,59.6958],[10.56953,59.58711],[10.49375,59.5415],[10.39814,59.51934],[10.40713,59.45566],[10.44639,59.4436],[10.45459,59.37749],[10.43135,59.27964],[10.24316,59.06206],[10.20518,59.03867],[10.17939,59.00928],[10.0831,59.02881],[9.95957,58.96821],[9.84258,58.9585],[9.8002,59.02705],[9.63516,59.11777],[9.55723,59.1127],[9.62715,59.06792],[9.69609,59.00972],[9.65693,58.97119],[9.61846,58.94604],[9.55107,58.93301],[9.30996,58.85684],[9.3958,58.80566],[9.32295,58.74756],[9.23867,58.73901],[9.19375,58.71187],[9.17812,58.675],[8.92842,58.56997],[8.52139,58.30059],[8.31221,58.22446],[8.16611,58.14531],[8.0374,58.14727],[7.87559,58.07998],[7.46592,58.02095],[7.19414,58.04766],[7.00488,58.02422],[6.90342,58.07051],[6.89023,58.10229],[6.89531,58.12075],[6.9123,58.14287],[6.87705,58.15073],[6.80283,58.15454],[6.77109,58.13223],[6.7668,58.08154],[6.73144,58.06831],[6.59053,58.09731],[6.55508,58.12344],[6.60576,58.17637],[6.69248,58.22402],[6.67676,58.23379],[6.65986,58.26274],[6.61758,58.26641],[6.4915,58.25942],[6.38906,58.26797],[6.05469,58.37515],[5.97656,58.43232],[5.70684,58.52363],[5.58594,58.62041],[5.51729,58.72651],[5.52246,58.82266],[5.55557,58.97519],[5.61221,59.01289],[5.8543,58.95947],[6.09902,58.87026],[6.1373,58.87466],[6.21416,58.94468],[6.36328,59.00093],[6.32109,59.01646],[6.09941,58.95195],[6.01699,58.9877],[5.88916,59.0605],[5.88916,59.09795],[5.94873,59.13545],[5.96856,59.18613],[5.93731,59.23398],[5.95186,59.29907],[6.05068,59.36816],[6.19893,59.43809],[6.30566,59.50557],[6.41533,59.54712],[6.40391,59.56099],[6.27852,59.53452],[6.15859,59.48965],[6.01738,59.41445],[5.84521,59.35347],[5.71797,59.32983],[5.65732,59.31025],[5.56406,59.29121],[5.46758,59.20381],[5.36231,59.16636],[5.17324,59.16255],[5.13164,59.22646],[5.18506,59.45366],[5.24219,59.56431],[5.30488,59.64258],[5.40352,59.65576],[5.47246,59.71309],[5.52969,59.71309],[5.57949,59.68662],[5.77217,59.66094],[5.86728,59.73398],[5.99102,59.74468],[6.2166,59.81836],[6.21191,59.83179],[6.05928,59.81558],[5.9667,59.81318],[5.83398,59.79468],[5.76348,59.80791],[5.73047,59.86309],[5.78359,59.91279],[5.99648,60.03149],[6.06992,60.0835],[6.11182,60.13208],[6.10518,60.16514],[6.14053,60.2335],[6.34873,60.35298],[6.51807,60.40757],[6.57363,60.3606],[6.52637,60.21362],[6.52686,60.15293],[6.66094,60.36724],[6.71992,60.41816],[6.78711,60.4541],[6.94971,60.47822],[6.9957,60.51196],[6.80635,60.50078],[6.34697,60.41909],[6.15332,60.34624],[6.10176,60.29014],[5.96738,60.20557],[5.9044,60.15064],[5.87656,60.07002],[5.80088,60.02622],[5.69883,60.01001],[5.55703,59.90776],[5.49453,59.82559],[5.35342,59.76011],[5.26387,59.70977],[5.23447,59.6918],[5.18604,59.64229],[5.1458,59.63882],[5.11074,59.66782],[5.10488,59.73169],[5.11924,59.83369],[5.18711,59.90708],[5.21953,59.97876],[5.17441,60.0457],[5.20566,60.08794],[5.26543,60.08648],[5.37646,60.06724],[5.49453,60.07031],[5.68857,60.12319],[5.65762,60.1541],[5.57383,60.1585],[5.41738,60.1541],[5.28584,60.20571],[5.18359,60.3084],[5.13711,60.44561],[5.16816,60.48481],[5.54648,60.62456],[5.64834,60.68799],[5.58936,60.69429],[5.44736,60.61733],[5.24404,60.56958],[5.11582,60.63599],[5.04912,60.70752],[5.01074,60.85854],[5.02461,60.93613],[5.00859,61.03818],[5.09541,61.07134],[5.19248,61.05371],[5.28818,61.04717],[5.50527,61.0561],[5.98398,61.11733],[6.29258,61.08096],[6.41797,61.08428],[6.60986,61.13701],[6.77783,61.14243],[6.90342,61.10215],[6.97207,61.05596],[6.98057,60.99414],[7.03867,60.95293],[7.07793,60.96631],[7.04668,61.01528],[7.04014,61.09116],[7.54502,61.17715],[7.60449,61.21055],[7.40391,61.22217],[7.34658,61.30059],[7.45254,61.41924],[7.44258,61.43462],[7.33115,61.37202],[7.27627,61.28394],[7.29805,61.21362],[7.27598,61.18096],[7.17354,61.16597],[6.94258,61.16055],[6.79434,61.19038],[6.65703,61.20659],[6.61025,61.2291],[6.62588,61.2793],[6.5999,61.28965],[6.54307,61.24453],[6.49258,61.15459],[6.3835,61.13389],[6.08252,61.16728],[5.64678,61.14761],[5.45127,61.10234],[5.32461,61.10825],[5.10674,61.18755],[5.02168,61.25059],[4.98994,61.37769],[5.00273,61.43359],[5.17246,61.45713],[5.2583,61.45547],[5.33867,61.4855],[5.26758,61.50503],[5.16758,61.54336],[5.09941,61.62017],[4.99668,61.64522],[4.92783,61.71069],[4.91035,61.80957],[4.93008,61.87832],[4.98506,61.90044],[5.11699,61.8854],[5.46533,61.89692],[5.79326,61.8271],[6.01582,61.7875],[6.4667,61.80742],[6.73076,61.86977],[6.68232,61.88701],[6.3959,61.85098],[6.13115,61.85244],[5.66445,61.9229],[5.47305,61.94561],[5.26689,61.9356],[5.15957,61.95698],[5.09648,62.02666],[5.14316,62.15991],[5.24092,62.18867],[5.29385,62.15391],[5.35771,62.15171],[5.42236,62.20737],[5.48428,62.23911],[5.5333,62.31089],[5.71816,62.37891],[5.79629,62.38467],[5.9083,62.41602],[5.97978,62.40713],[6.02559,62.37568],[6.0835,62.34961],[6.20898,62.35278],[6.58008,62.40727],[6.62002,62.42329],[6.69238,62.46807],[6.45713,62.4481],[6.26172,62.41631],[6.13613,62.40747],[6.11846,62.44717],[6.16475,62.48242],[6.2375,62.51992],[6.27285,62.58384],[6.35293,62.61113],[6.43945,62.60967],[6.61836,62.62129],[6.74463,62.63789],[6.96113,62.62676],[7.28379,62.60229],[7.4918,62.54282],[7.57012,62.54819],[7.65313,62.56401],[7.69072,62.5856],[7.52744,62.6103],[7.51816,62.64551],[7.53838,62.67207],[7.80469,62.721],[8.09551,62.73184],[8.04551,62.77124],[7.4084,62.71177],[7.24209,62.75234],[7.11084,62.752],[7.0249,62.72881],[6.77998,62.70073],[6.73496,62.7207],[6.78154,62.78965],[6.92822,62.90273],[6.94043,62.93047],[7.0085,62.95767],[7.38906,63.02329],[7.57188,63.09951],[7.6543,63.10918],[7.73604,63.10386],[7.86035,63.11279],[8.10059,63.09097],[8.21113,62.99551],[8.31055,62.96553],[8.62314,62.84624],[8.60918,62.88057],[8.33857,63.04219],[8.23516,63.08218],[8.15801,63.16152],[8.18447,63.23652],[8.27148,63.28657],[8.58018,63.31338],[8.63555,63.34233],[8.64102,63.39209],[8.59375,63.42612],[8.48018,63.42417],[8.38652,63.44526],[8.36074,63.49888],[8.39814,63.53511],[8.57617,63.60117],[8.67363,63.62261],[8.84238,63.6459],[9.13584,63.59365],[9.15811,63.56626],[9.07588,63.50039],[9.08418,63.46343],[9.15606,63.45933],[9.32363,63.57036],[9.5207,63.58569],[9.60225,63.60957],[9.69688,63.62456],[9.83223,63.52417],[9.8915,63.49204],[9.93604,63.47886],[9.9792,63.39526],[10.021,63.39082],[10.08057,63.43272],[10.18857,63.45479],[10.34004,63.46934],[10.59092,63.44722],[10.70449,63.46357],[10.76016,63.46128],[10.70674,63.53633],[10.67363,63.55801],[10.72529,63.625],[10.7792,63.65117],[10.95254,63.69819],[11.11787,63.71919],[11.22578,63.76382],[11.3707,63.80483],[11.34795,63.83769],[11.30762,63.87573],[11.21387,63.87812],[11.17559,63.89888],[11.29463,63.94819],[11.45762,64.00298],[11.4292,64.02451],[11.30664,64.04888],[11.21357,64.03052],[11.0752,63.98813],[10.91426,63.92109],[10.9667,63.90156],[11.04727,63.84522],[10.93486,63.77022],[10.33916,63.57104],[10.05508,63.5127],[9.92402,63.52178],[9.89277,63.57622],[9.83232,63.6165],[9.76748,63.69951],[9.65723,63.69731],[9.59463,63.67896],[9.56729,63.70615],[9.61475,63.79482],[9.70801,63.86489],[9.86445,63.91782],[9.93945,63.98174],[10.00996,64.08315],[10.23623,64.17964],[10.56563,64.41831],[10.83398,64.49448],[10.93232,64.57773],[11.09043,64.61455],[11.22539,64.67949],[11.33135,64.68594],[11.52383,64.74438],[11.63291,64.81392],[11.56172,64.81826],[11.39248,64.773],[11.29678,64.75478],[11.30352,64.8294],[11.3499,64.90591],[11.48935,64.97583],[12.15967,65.17896],[12.22656,65.14536],[12.30654,65.08599],[12.5084,65.09941],[12.73838,65.2144],[12.91553,65.33926],[12.81982,65.31748],[12.71533,65.26636],[12.51172,65.19531],[12.41758,65.18408],[12.36387,65.19331],[12.33398,65.24072],[12.26338,65.2561],[12.19961,65.24546],[12.13389,65.27915],[12.12217,65.36235],[12.20625,65.48623],[12.27285,65.56816],[12.34482,65.63018],[12.62773,65.80615],[12.68887,65.9022],[12.8168,65.95288],[12.98301,65.9416],[13.03311,65.95625],[12.97607,66.01919],[12.79492,66.06909],[12.78379,66.10044],[13.38711,66.18276],[13.67441,66.17998],[13.75967,66.22105],[13.91582,66.24736],[14.03418,66.29756],[13.97315,66.31973],[13.68135,66.27358],[13.49893,66.2519],[13.41641,66.25259],[13.35205,66.23672],[13.11885,66.23066],[13.06816,66.43081],[13.10469,66.5394],[13.1916,66.53716],[13.21143,66.64082],[13.31182,66.70185],[13.45039,66.71553],[13.52022,66.74165],[13.62109,66.79482],[13.78799,66.78247],[13.95947,66.79434],[13.91699,66.81938],[13.7041,66.85166],[13.65156,66.90708],[13.72666,66.93804],[13.8084,66.96079],[13.88018,66.96489],[14.02236,67.0731],[14.10879,67.11924],[14.20557,67.11123],[14.34033,67.15894],[14.47266,67.14268],[14.60068,67.17388],[14.77559,67.19448],[15.41572,67.20244],[15.43477,67.24668],[15.3001,67.25693],[14.82441,67.26831],[14.58154,67.26743],[14.4793,67.25596],[14.4417,67.27139],[14.44834,67.29785],[14.53662,67.33975],[14.57852,67.38604],[14.75498,67.49902],[14.96191,67.57427],[15.12051,67.55503],[15.28916,67.48315],[15.40938,67.47417],[15.46533,67.45093],[15.55293,67.35176],[15.59443,67.34853],[15.57568,67.44385],[15.6915,67.52139],[15.66133,67.54282],[15.4873,67.5148],[15.354,67.54394],[15.24873,67.60215],[15.21865,67.65537],[15.28408,67.70796],[15.3458,67.73442],[15.30391,67.76528],[15.04082,67.68257],[14.85469,67.66333],[14.78135,67.6749],[14.82109,67.74985],[14.79893,67.80933],[15.04844,67.95576],[15.13428,67.97271],[15.27441,67.96094],[15.40088,67.91963],[15.50664,67.92622],[15.62139,67.94829],[15.60576,67.98789],[15.35693,68.00361],[15.29287,68.03647],[15.31602,68.06875],[15.48682,68.10283],[15.65664,68.16436],[15.85127,68.18218],[16.00791,68.22871],[16.03809,68.21816],[16.06455,68.1999],[16.1208,68.02734],[16.26074,67.88657],[16.3123,67.88144],[16.25859,68.00122],[16.30869,68.03565],[16.37217,68.06182],[16.39199,68.0916],[16.31924,68.10176],[16.25977,68.14453],[16.1748,68.28125],[16.20381,68.31675],[16.38789,68.38955],[16.61885,68.4063],[16.86494,68.35527],[16.95137,68.35469],[17.09404,68.36841],[17.33613,68.41035],[17.47852,68.42632],[17.55283,68.42627],[17.57119,68.44746],[17.50234,68.46108],[17.48018,68.47432],[17.42617,68.48193],[17.20234,68.45928],[16.58486,68.46645],[16.52529,68.49067],[16.51435,68.53257],[16.57988,68.59268],[16.65186,68.62578],[16.88467,68.6854],[17.13115,68.69346],[17.39082,68.79936],[17.49004,68.87876],[17.54629,69.00112],[17.70459,69.10005],[18.10147,69.1563],[18.11748,69.1812],[18.07539,69.23262],[18.07871,69.32524],[18.1875,69.4331],[18.25977,69.47061],[18.29316,69.4751],[18.37871,69.43984],[18.48262,69.36484],[18.64551,69.32188],[18.85898,69.31445],[18.91592,69.3356],[18.75,69.37842],[18.62441,69.43438],[18.61445,69.49058],[18.67402,69.52036],[18.7666,69.51704],[18.88281,69.52334],[18.99111,69.56113],[19.00684,69.58769],[19.01133,69.62373],[19.03838,69.6604],[19.19727,69.74785],[19.68701,69.80474],[19.72246,69.78164],[19.696,69.61294],[19.63975,69.50381],[19.6415,69.42402],[19.73682,69.50381],[19.86465,69.72212],[19.96055,69.82461],[20.06894,69.88345],[20.14639,69.89673],[20.22305,69.9272],[20.32422,69.94531],[20.35518,69.92192],[20.38721,69.86763],[20.33272,69.67695],[20.33818,69.61665],[20.27715,69.53584],[20.04375,69.35566],[20.05449,69.33267],[20.10723,69.34121],[20.19766,69.37095],[20.48672,69.54209],[20.73945,69.52051],[20.74258,69.53452],[20.66152,69.58472],[20.5625,69.63281],[20.53271,69.69233],[20.546,69.85107],[20.62207,69.91392],[20.84033,69.90732],[20.97109,69.91602],[21.03213,69.88745],[21.16309,69.8895],[21.25371,70.00322],[21.43291,70.01318],[21.59023,69.93804],[21.77959,69.88745],[21.93174,69.8147],[21.97471,69.83457],[21.89258,70.00425],[21.80273,70.06606],[21.60781,70.09819],[21.40039,70.17446],[21.34629,70.20825],[21.35576,70.2334],[21.53877,70.25767],[21.78027,70.22988],[21.99551,70.29336],[22.05439,70.27598],[22.21943,70.30918],[22.32197,70.2645],[22.38477,70.27773],[22.42119,70.3376],[22.68457,70.37476],[22.85166,70.34048],[22.94121,70.30498],[22.98281,70.23677],[23.04648,70.10186],[23.17695,70.02905],[23.25791,69.99331],[23.35391,69.9834],[23.4002,70.01977],[23.31025,70.06357],[23.28603,70.10483],[23.3291,70.20723],[23.37939,70.24746],[23.66123,70.39976],[23.89717,70.47876],[24.03848,70.48535],[24.28555,70.6624],[24.35557,70.69458],[24.42002,70.702],[24.40352,70.74531],[24.26816,70.77271],[24.26348,70.82632],[24.4418,70.89155],[24.65801,71.00102],[24.76475,71.00845],[24.83164,70.97803],[25.04219,70.92861],[25.17119,70.87202],[25.26465,70.84351],[25.32539,70.84941],[25.37559,70.89194],[25.43594,70.91187],[25.56982,70.90068],[25.64971,70.87334],[25.71191,70.86973],[25.76816,70.85317],[25.78145,70.8168],[25.66562,70.77715],[25.46826,70.67197],[25.27353,70.55239],[25.20928,70.4894],[25.14639,70.32402],[24.99424,70.21821],[24.98271,70.14399],[25.04385,70.10903],[25.21182,70.13648],[25.41885,70.2355],[25.47051,70.34058],[25.98809,70.62539],[26.23086,70.78262],[26.50693,70.91279],[26.66133,70.93975],[26.73398,70.85356],[26.67549,70.74097],[26.5582,70.66914],[26.64463,70.63623],[26.62813,70.55088],[26.60117,70.50347],[26.58398,70.45381],[26.58506,70.41001],[26.66611,70.42168],[26.98935,70.51138],[27.07129,70.60845],[27.14727,70.6812],[27.18369,70.74404],[27.30937,70.80356],[27.54648,70.804],[27.55566,70.82739],[27.26904,70.91001],[27.23525,70.94722],[27.33164,70.99673],[27.59707,71.09131],[27.7335,71.08086],[27.81504,71.05938],[28.1417,71.04302],[28.39229,70.97529],[28.38272,70.86943],[28.32685,70.82519],[28.27188,70.79795],[27.95098,70.71758],[27.89805,70.67793],[27.99883,70.66426],[28.21562,70.70435],[28.27178,70.66797],[28.20273,70.5769],[28.19102,70.44019],[28.16602,70.3604],[28.16602,70.28765],[28.19297,70.24858],[28.28008,70.40342],[28.30986,70.44307],[28.4373,70.50137],[28.48477,70.6188],[28.60938,70.75967],[28.7498,70.8415],[28.83154,70.86396],[29.10234,70.86074],[29.21855,70.82993],[29.32109,70.76148],[29.39766,70.73413],[29.63906,70.70503],[29.72197,70.66855],[29.7375,70.64683],[29.79648,70.64253],[29.95938,70.69438],[30.06514,70.70298],[30.23769,70.62217],[30.20303,70.5623],[30.21318,70.54331],[30.42207,70.54717],[30.5959,70.52368],[30.92637,70.40112],[30.96064,70.34385],[30.94414,70.27441],[30.46895,70.19785],[30.26299,70.12471],[29.92588,70.09648],[28.78115,70.14541],[28.8043,70.09253],[29.60137,69.97676],[29.64688,69.9437],[29.62139,69.87407],[29.621,69.81821],[29.63594,69.78013],[29.69463,69.74458],[29.79209,69.72788],[29.99033,69.73667],[30.08828,69.71758],[30.15518,69.74595],[30.18008,69.84116],[30.2376,69.86221],[30.34883,69.83457],[30.39727,69.73281],[30.42832,69.72227],[30.48438,69.79487],[30.59453,69.78965],[30.71445,69.7957],[30.86973,69.78345],[31.04951,69.76924],[31.45273,69.6896],[31.54697,69.69692],[31.66621,69.721],[31.78857,69.81577],[31.87939,69.83198],[31.99795,69.80991],[32.03057,69.8353],[31.96934,69.91392],[31.98457,69.95366],[32.3916,69.8687],[32.56543,69.80649],[32.9417,69.75186],[33.00781,69.72212],[33.0126,69.67051],[32.99463,69.62617],[32.91504,69.60171],[32.7543,69.60571],[32.17676,69.67402],[32.0915,69.63257],[32.16133,69.59663],[32.33057,69.55425],[32.37773,69.4791],[32.63682,69.48945],[32.88379,69.46084],[32.99981,69.47012],[33.021,69.44561],[32.9416,69.38335],[32.97891,69.36733],[33.25586,69.42773],[33.38486,69.44429],[33.4543,69.42817],[33.46367,69.37817],[33.41797,69.31528],[33.41299,69.26743],[33.32773,69.15185],[33.19639,69.11685],[33.14121,69.0687],[33.3334,69.09819],[33.43565,69.13037],[33.62705,69.28916],[33.68438,69.31025],[34.22939,69.31314],[34.35273,69.30293],[34.86397,69.22808],[35.00957,69.22124],[35.17588,69.23081],[35.2332,69.26558],[35.28984,69.27544],[35.85791,69.19175],[36.61826,69.00347],[37.73057,68.69214],[38.35762,68.41514],[38.43018,68.35562],[38.65684,68.32188],[38.70557,68.34473],[38.83154,68.3249],[39.56894,68.07173],[39.82334,68.05859],[39.78975,68.11216],[39.74629,68.16221],[39.80928,68.15083],[39.89561,68.1145],[40.03574,68.01538],[40.20664,67.9419],[40.38066,67.83188],[40.52578,67.7897],[40.65654,67.77407],[40.76631,67.74302],[40.96641,67.71348],[41.06094,67.44419],[41.13389,67.38604],[41.13389,67.26694],[41.26172,67.21846],[41.35879,67.20967],[41.3543,67.12144],[41.27559,66.91431],[41.18897,66.82617],[40.52158,66.44663],[40.10332,66.29995],[39.28906,66.13203],[38.65391,66.06904],[38.39756,66.06445],[37.90068,66.09561],[37.62822,66.12959],[37.29482,66.22505],[36.98369,66.27256],[36.76992,66.29355],[36.37344,66.3023],[35.51348,66.3958],[35.36397,66.42866],[34.82461,66.61113],[34.61025,66.55962],[34.48262,66.55034],[34.39609,66.61318],[34.43086,66.62978],[34.45156,66.65122],[34.14609,66.70327],[33.89365,66.70674],[33.75957,66.75098],[33.59541,66.78462],[33.52295,66.76435],[33.48203,66.76455],[33.15019,66.84395],[33.00195,66.9083],[32.84756,67.02153],[32.88525,67.06113],[32.93047,67.08682],[32.3999,67.15269],[31.89531,67.16143],[31.98301,67.12983],[32.20156,67.11323],[32.34063,67.06787],[32.50098,67.00386],[32.46367,66.91631],[32.68643,66.82954],[32.85732,66.74692],[32.8624,66.72139],[32.92871,66.7041],[33.18057,66.67993],[33.22441,66.60386],[33.18291,66.57388],[33.21738,66.53164],[33.40527,66.48428],[33.51768,66.47139],[33.65596,66.44263],[33.59326,66.38457],[33.47695,66.34687],[33.36055,66.32954],[33.41582,66.31562],[33.5667,66.321],[34.1127,66.22524],[34.39981,66.12842],[34.6918,65.95185],[34.78633,65.86455],[34.79316,65.81636],[34.77695,65.76826],[34.73477,65.71631],[34.71553,65.66406],[34.61572,65.50991],[34.54414,65.45669],[34.40644,65.39575],[34.53594,65.27793],[34.67109,65.16812],[34.80352,64.98599],[34.82715,64.91269],[34.83262,64.8002],[34.95225,64.75596],[34.90547,64.73867],[34.8583,64.70669],[34.86953,64.56001],[35.03535,64.44023],[35.28408,64.36255],[35.43203,64.34678],[35.64707,64.37832],[35.80205,64.33535],[36.14648,64.18901],[36.30195,64.03437],[36.36494,64.00283],[36.71377,63.94507],[36.97519,63.90952],[37.37275,63.81675],[37.44219,63.81338],[37.63535,63.89341],[37.96797,63.94912],[38.0708,64.02583],[38.06221,64.09102],[37.97715,64.20703],[37.95371,64.32012],[37.84356,64.36631],[37.74063,64.39697],[37.42959,64.37358],[37.28955,64.37793],[37.18369,64.4085],[37.04043,64.48916],[36.76934,64.68525],[36.62422,64.75054],[36.57871,64.79097],[36.52822,64.84736],[36.53457,64.93862],[36.65293,64.93545],[36.78594,64.98716],[36.88281,65.17236],[37.0502,65.1959],[37.14082,65.19429],[37.52813,65.10825],[38.00937,64.87876],[38.11572,64.85459],[38.22822,64.85122],[38.41211,64.85708],[38.44199,64.82715],[38.54092,64.79126],[38.61309,64.78667],[39.05352,64.71392],[39.56738,64.57056],[39.75801,64.57705],[39.83301,64.6564],[39.84863,64.69053],[40.05781,64.77075],[40.20371,64.78403],[40.40781,64.75488],[40.44492,64.77871],[40.37539,64.89629],[40.28125,64.9981],[40.14268,65.06328],[39.89648,65.25478],[39.79805,65.34985],[39.74912,65.44795],[39.78115,65.53472],[39.8165,65.59795],[40.32783,65.75171],[40.51279,65.8438],[40.6916,65.96343],[40.77441,65.98789],[41.07607,66.02109],[41.47578,66.12344],[41.78086,66.25933],[42.08359,66.46592],[42.21055,66.51968],[42.31367,66.51475],[42.45078,66.48242],[42.60215,66.42251],[42.80654,66.41133],[43.00596,66.42095],[43.2332,66.41553],[43.55088,66.32129],[43.60332,66.29121],[43.65313,66.25098],[43.55039,66.17339],[43.54189,66.12339],[43.62393,66.14673],[43.73701,66.1584],[43.84375,66.14238],[43.94414,66.09868],[44.0167,66.04976],[44.10439,66.00859],[44.13242,66.06455],[44.14531,66.11274],[44.09717,66.23506],[44.2207,66.40708],[44.31641,66.48169],[44.48867,66.67178],[44.43711,66.79463],[44.4293,66.93774],[44.40391,67.0042],[44.2918,67.09966],[44.07441,67.16733],[43.85537,67.18862],[43.78242,67.25449],[43.7957,67.32959],[43.85635,67.43931],[44.03643,67.67065],[44.22539,67.9956],[44.23154,68.07124],[44.21387,68.1126],[44.22646,68.15444],[44.20469,68.25376],[44.16914,68.3271],[43.404,68.60855],[43.35801,68.63579],[43.3332,68.67339],[43.41328,68.68174],[43.47197,68.67983],[44.04805,68.54883],[44.17529,68.54175],[45.07812,68.57817],[45.51943,68.54653],[45.89199,68.47969],[46.1584,68.29136],[46.42969,68.11885],[46.68359,67.97046],[46.69043,67.84883],[46.42891,67.82368],[46.17422,67.81816],[45.52871,67.75757],[45.37412,67.68887],[44.93945,67.47744],[44.90215,67.41313],[44.93945,67.35078],[45.13887,67.28472],[45.56221,67.1856],[45.75254,66.98916],[45.88535,66.89106],[45.98604,66.85313],[46.08398,66.84351],[46.29775,66.84282],[46.44853,66.81899],[46.49238,66.8002],[46.55234,66.81899],[46.69082,66.82554],[47.49648,66.92983],[47.65586,66.97593],[47.70908,67.04502],[47.76807,67.27563],[47.83926,67.35571],[47.9082,67.45469],[47.88262,67.51533],[47.87471,67.58418],[48.27871,67.65039],[48.65381,67.69526],[48.8332,67.68149],[48.87793,67.73135],[48.7627,67.827],[48.6957,67.87422],[48.7543,67.89595],[48.84063,67.86973],[48.95391,67.85381],[49.15527,67.87041],[49.93125,68.06514],[50.2332,68.17534],[50.41406,68.21836],[50.69941,68.31772],[50.83887,68.34995],[51.07852,68.36333],[51.33613,68.40244],[51.6167,68.47632],[51.99473,68.53877],[52.0,68.53899],[52.0,56.0],[21.0547,56.0],[21.05381,56.02295],[21.04609,56.07007],[21.01494,56.25894],[21.03145,56.63657],[21.07129,56.82373],[21.25742,56.93276],[21.35078,57.01768],[21.40508,57.13101],[21.42148,57.23584],[21.45918,57.32246],[21.72871,57.571],[21.94238,57.59785],[22.23145,57.6668],[22.55459,57.72427],[22.61699,57.65117],[22.64863,57.59536],[23.03779,57.39209],[23.13682,57.32383],[23.2873,57.08975],[23.64775,56.97104],[23.93115,57.0085],[24.0543,57.06611],[24.28125,57.17231],[24.38262,57.25005],[24.40322,57.325],[24.36299,57.64531],[24.30156,57.78413],[24.32256,57.8706],[24.33203,57.90977],[24.46387,58.10596],[24.4875,58.26162],[24.53574,58.28301],[24.54971,58.30459],[24.5291,58.35425],[24.39219,58.38608],[24.33691,58.3814],[24.28721,58.32803],[24.23565,58.28955],[24.11484,58.26611],[24.01094,58.30664],[23.76758,58.36084],[23.70605,58.43301],[23.6915,58.50561],[23.56279,58.57583],[23.50928,58.65854],[23.53066,58.71626],[23.64746,58.75415],[23.68076,58.78716],[23.53359,58.78193],[23.50361,58.78984],[23.49717,58.81953],[23.43203,58.92065],[23.48965,58.9605],[23.51504,58.99922],[23.46777,59.03218],[23.48018,59.06968],[23.51699,59.10757],[23.49443,59.19565],[23.64053,59.24233],[23.78252,59.27515],[24.0834,59.29189],[24.05361,59.37231],[24.17539,59.37593],[24.38037,59.47266],[24.58359,59.45566],[24.87754,59.52207],[25.44375,59.52114],[25.5209,59.55947],[25.50742,59.598],[25.50928,59.63901],[25.61572,59.62754],[25.79375,59.63467],[26.46084,59.55391],[26.625,59.55391],[26.85205,59.47178],[26.97471,59.45063],[27.33584,59.45049],[27.89258,59.41421],[28.00185,59.46982],[28.0125,59.48428],[28.06396,59.554],[28.04629,59.64717],[28.01396,59.72476],[28.05801,59.78154],[28.13115,59.78652],[28.2125,59.72466],[28.33457,59.69253],[28.42373,59.73408],[28.45391,59.81426],[28.51816,59.84956],[28.60391,59.81807],[28.74766,59.80669],[28.86689,59.81191],[28.94727,59.82876],[28.98154,59.85478],[29.01338,59.90156],[29.0791,59.96099],[29.14727,59.99976],[29.66973,59.95566],[30.12256,59.87358],[30.15684,59.9043],[30.17266,59.95713],[30.05996,60.00259],[29.97676,60.02637],[29.87227,60.12085],[29.72119,60.19531],[29.56934,60.20186],[29.37041,60.17593],[29.06914,60.19145],[28.8127,60.33154],[28.64316,60.37529],[28.52227,60.48296],[28.4916,60.54014],[28.62246,60.4916],[28.64033,60.54287],[28.65059,60.61099],[28.57783,60.65254],[28.51279,60.6773],[28.1793,60.571],[27.79766,60.53613],[27.7754,60.53411],[27.79509,60.5448],[27.80606,60.55022],[27.81549,60.55451],[27.82607,60.55678],[27.83606,60.55893],[27.8471,60.56129],[27.84281,60.5706],[27.84461,60.58074],[27.86216,60.59474],[27.87343,60.60455],[27.88316,60.60989],[27.90401,60.6212],[27.92237,60.6312],[27.9509,60.64699],[27.97162,60.65828],[27.98289,60.6644],[27.99255,60.66968],[28.00501,60.67419],[28.01783,60.68118],[28.03804,60.69403],[28.05041,60.70046],[28.06029,60.70558],[28.07852,60.71518],[28.08899,60.7206],[28.10255,60.72651],[28.11333,60.73122],[28.13265,60.73964],[28.14382,60.749],[28.15358,60.7585],[28.16338,60.76803],[28.17144,60.77587],[28.18526,60.77961],[28.20138,60.78107],[28.22049,60.78279],[28.23138,60.79116],[28.2458,60.80224],[28.25584,60.80995],[28.26846,60.81699],[28.27893,60.82284],[28.29353,60.83097],[28.30533,60.83759],[28.31605,60.84684],[28.3224,60.85536],[28.33369,60.85526],[28.39275,60.88468],[28.46381,60.92249],[28.47393,60.9242],[28.48412,60.92569],[28.49228,60.93513],[28.50561,60.94419],[28.51511,60.95058],[28.52461,60.95711],[28.53736,60.95648],[28.55242,60.95493],[28.57287,60.95169],[28.60872,60.95482],[28.62174,60.9539],[28.63632,60.95083],[28.64923,60.94814],[28.66516,60.95897],[28.6726,60.96688],[28.68156,60.97631],[28.68724,60.98477],[28.69408,60.99733],[28.70016,61.00856],[28.70715,61.02147],[28.71095,61.03112],[28.71335,61.04183],[28.77717,61.07955],[28.79059,61.08694],[28.8008,61.09257],[28.81063,61.10251],[28.81593,61.11446],[28.83171,61.12487],[28.84936,61.12945],[28.87279,61.13555],[28.88347,61.14238],[28.90247,61.14457],[28.91496,61.14333],[28.92623,61.14579],[28.94219,61.14784],[28.95163,61.15168],[28.9651,61.15787],[28.97917,61.16872],[28.99449,61.17738],[29.00652,61.18225],[29.01603,61.1861],[29.02633,61.19025],[29.08426,61.21044],[29.13974,61.22918],[29.16181,61.23662],[29.1722,61.24189],[29.18258,61.24716],[29.19375,61.25286],[29.20423,61.25677],[29.21473,61.26101],[29.22546,61.26485],[29.23893,61.2682],[29.25472,61.28468],[29.26453,61.29108],[29.27225,61.29787],[29.28295,61.30773],[29.29173,61.31586],[29.30558,61.32863],[29.31475,61.33704],[29.3223,61.34398],[29.33044,61.35262],[29.41404,61.40525],[29.44446,61.42442],[29.5031,61.46128],[29.49624,61.4919],[29.55806,61.49233],[29.57905,61.49588],[29.59179,61.49559],[29.60082,61.50021],[29.64524,61.52015],[29.67526,61.5444],[29.68489,61.54992],[29.69451,61.55428],[29.71099,61.56032],[29.72991,61.57017],[29.7406,61.57577],[29.74812,61.58322],[29.75464,61.6031],[29.76621,61.61021],[29.77622,61.61623],[29.78477,61.62235],[29.79367,61.62691],[29.80299,61.63481],[29.81215,61.63948],[29.81611,61.64976],[29.82355,61.65803],[29.83883,61.66669],[29.86159,61.67057],[29.86565,61.68004],[29.87435,61.68531],[29.89221,61.69399],[29.93777,61.71678],[29.94764,61.72132],[29.98609,61.74001],[30.01387,61.75293],[30.02568,61.75878],[30.03815,61.76541],[30.04734,61.77326],[30.07068,61.8175],[30.14397,61.85223],[30.15566,61.85799],[30.16547,61.86387],[30.17743,61.871],[30.19621,61.88221],[30.20126,61.89188],[30.21143,61.89271],[30.22089,61.89858],[30.24214,61.91172],[30.25417,61.91998],[30.26355,61.92637],[30.27417,61.93364],[30.28457,61.93417],[30.30074,61.93497],[30.31063,61.94195],[30.30851,61.9555],[30.30786,61.96558],[30.31731,61.96887],[30.32719,61.97265],[30.33759,61.97325],[30.35167,61.98001],[30.37702,61.99953],[30.40815,62.01611],[30.42347,62.02278],[30.43893,62.03343],[30.44981,62.0409],[30.48211,62.06318],[30.49541,62.07203],[30.53476,62.09903],[30.56565,62.11942],[30.58914,62.13351],[30.60286,62.14178],[30.62777,62.16593],[30.63544,62.17333],[30.63022,62.18227],[30.63552,62.19172],[30.6514,62.20387],[30.67383,62.20981],[30.68466,62.21044],[30.72031,62.20888],[30.74322,62.22555],[30.76514,62.23512],[30.77358,62.2406],[30.78919,62.2508],[30.8087,62.26102],[30.83411,62.27551],[30.84645,62.28164],[30.86023,62.28857],[30.88663,62.30173],[30.90419,62.31054],[30.92021,62.30906],[30.93042,62.30695],[30.94321,62.30585],[30.95488,62.31259],[30.962,62.32724],[30.95184,62.33082],[30.97724,62.35252],[31.07159,62.40504],[31.09351,62.41661],[31.13814,62.44217],[31.14839,62.44498],[31.16281,62.44608],[31.1651,62.46271],[31.17333,62.4819],[31.1862,62.48758],[31.19814,62.4958],[31.22165,62.49858],[31.23404,62.51149],[31.2453,62.5232],[31.25414,62.53336],[31.2734,62.55616],[31.28445,62.56921],[31.31236,62.6019],[31.33184,62.62475],[31.34518,62.64008],[31.35466,62.64372],[31.36613,62.64678],[31.37465,62.6534],[31.37618,62.66369],[31.38115,62.67501],[31.38032,62.68993],[31.39662,62.71694],[31.40298,62.72746],[31.41386,62.74547],[31.41948,62.75469],[31.42485,62.76378],[31.43446,62.77791],[31.44979,62.78452],[31.46668,62.78394],[31.45866,62.79352],[31.49184,62.82671],[31.54004,62.86723],[31.5699,62.89387],[31.58483,62.90704],[31.57657,62.91673],[31.56375,62.92733],[31.54182,62.95188],[31.52047,62.97575],[31.50213,62.99625],[31.44876,63.00606],[31.463,63.02425],[31.43902,63.03621],[31.42501,63.04327],[31.41087,63.04197],[31.39911,63.04663],[31.38735,63.04934],[31.38139,63.05805],[31.37331,63.06409],[31.36385,63.07066],[31.29398,63.09392],[31.2827,63.10076],[31.27212,63.10763],[31.26535,63.11521],[31.25811,63.13458],[31.25534,63.1462],[31.2548,63.17865],[31.24277,63.1876],[31.24086,63.21367],[31.2313,63.22065],[31.22178,63.22379],[31.21298,63.22864],[31.20276,63.23152],[31.19236,63.23405],[31.18271,63.23762],[31.17236,63.24137],[31.1624,63.24675],[31.15432,63.25399],[31.1476,63.26179],[31.13775,63.26518],[31.12788,63.26844],[31.11697,63.2707],[31.10207,63.27087],[31.09276,63.27599],[31.05626,63.29123],[31.02067,63.30324],[31.0004,63.30419],[30.9863,63.30716],[30.95431,63.32823],[30.94407,63.33663],[30.93442,63.35544],[30.92439,63.35772],[30.91241,63.35943],[30.90126,63.3605],[30.89052,63.36154],[30.88043,63.36274],[30.86987,63.36511],[30.85999,63.36676],[30.84999,63.36857],[30.84258,63.37531],[30.7877,63.40527],[30.76055,63.41023],[30.66927,63.42692],[30.50703,63.46096],[30.48399,63.4667],[30.45849,63.48543],[30.4204,63.51649],[30.38453,63.54549],[30.27639,63.57896],[30.26642,63.58097],[30.25501,63.58674],[30.24707,63.60169],[30.20658,63.6268],[30.18459,63.63775],[30.12397,63.66789],[30.11449,63.67536],[30.10265,63.68175],[30.09308,63.68675],[30.08214,63.69098],[30.0727,63.69488],[30.06436,63.70269],[30.05854,63.71149],[30.01912,63.7326],[29.97921,63.75336],[30.09931,63.78847],[30.13324,63.79708],[30.14406,63.79959],[30.26042,63.822],[30.31407,63.89964],[30.32002,63.90824],[30.35356,63.93209],[30.36464,63.93811],[30.44704,63.98277],[30.46685,63.99787],[30.49188,64.01695],[30.52255,64.04404],[30.55358,64.10168],[30.55343,64.13224],[30.51589,64.15497],[30.49304,64.17782],[30.4664,64.20443],[30.5096,64.22169],[30.48244,64.26234],[30.38828,64.26906],[30.36078,64.28132],[30.36693,64.29968],[30.30215,64.31985],[30.28549,64.32983],[30.26265,64.33609],[30.21015,64.35047],[30.13715,64.35796],[30.1204,64.36232],[30.1099,64.36505],[30.05232,64.39779],[30.05722,64.43425],[30.05004,64.44163],[30.05833,64.45087],[30.04593,64.47212],[30.02438,64.48299],[30.0297,64.50063],[30.0146,64.50434],[29.99372,64.52678],[29.98781,64.53745],[29.99197,64.55475],[29.99744,64.57731],[29.98981,64.58708],[30.00051,64.59235],[30.05433,64.61527],[30.11897,64.62591],[30.13012,64.63473],[30.13584,64.649],[30.12595,64.65678],[30.10444,64.67347],[30.0537,64.71305],[30.0414,64.74119],[30.0856,64.76432],[30.05755,64.78655],[30.04294,64.79289],[30.00719,64.7915],[29.99579,64.79478],[29.89761,64.79354],[29.87916,64.79225],[29.86884,64.78978],[29.77017,64.78978],[29.73963,64.78978],[29.71749,64.80206],[29.70805,64.80732],[29.68776,64.81866],[29.6997,64.83722],[29.68835,64.8446],[29.64493,64.86648],[29.63544,64.88278],[29.61524,64.91744],[29.61104,64.92733],[29.61532,64.94389],[29.61919,64.95966],[29.61167,64.97297],[29.59933,64.99506],[29.61443,65.01279],[29.6184,65.02869],[29.62358,65.04758],[29.62697,65.0606],[29.65452,65.06819],[29.68343,65.07636],[29.71119,65.0839],[29.73269,65.0913],[29.83095,65.09193],[29.87186,65.10375],[29.89687,65.10514],[29.86816,65.11948],[29.85282,65.12723],[29.86278,65.13059],[29.85176,65.12919],[29.81934,65.14428],[29.82792,65.14994],[29.89359,65.19297],[29.88567,65.2063],[29.85945,65.21515],[29.81666,65.22288],[29.7641,65.22889],[29.74416,65.2258],[29.728,65.2276],[29.70066,65.23084],[29.66777,65.23123],[29.63393,65.23157],[29.62291,65.24135],[29.60179,65.25993],[29.60926,65.27579],[29.64606,65.28908],[29.71117,65.32677],[29.72402,65.33435],[29.74658,65.34742],[29.73497,65.36776],[29.73054,65.37929],[29.72866,65.39325],[29.72795,65.40721],[29.72887,65.41745],[29.73003,65.43338],[29.73127,65.44745],[29.7329,65.46962],[29.74108,65.47764],[29.7511,65.48799],[29.75471,65.49736],[29.76389,65.50339],[29.78169,65.51524],[29.79016,65.52081],[29.80065,65.52736],[29.8133,65.53401],[29.86391,65.56044],[29.84354,65.57074],[29.83086,65.57679],[29.81546,65.58359],[29.78711,65.59528],[29.75399,65.60936],[29.72186,65.63708],[29.75056,65.64309],[29.78866,65.65071],[29.85115,65.66315],[29.90092,65.67306],[29.93072,65.67873],[29.94086,65.68071],[29.97624,65.68745],[30.00134,65.69319],[30.01581,65.69624],[30.0397,65.68728],[30.05937,65.68357],[30.13847,65.66868],[30.13407,65.69972],[30.13018,65.71404],[30.12413,65.7353],[30.12043,65.74842],[30.1171,65.75933],[30.11275,65.77215],[30.10844,65.78499],[30.10375,65.79724],[30.09829,65.81487],[30.09451,65.82705],[30.09013,65.84102],[30.08711,65.85065],[30.08087,65.86555],[30.07506,65.87926],[30.06845,65.89498],[30.05937,65.91031],[30.05179,65.92081],[30.03812,65.93968],[30.02619,65.95625],[30.02422,65.9667],[30.0077,65.9741],[29.99712,65.97884],[29.99444,65.99327],[29.99052,66.01296],[29.98414,66.02475],[29.97713,66.03554],[29.97181,66.04575],[29.96557,66.05657],[29.96012,66.06569],[29.9468,66.08796],[29.9415,66.09681],[29.93515,66.10742],[29.92484,66.1246],[29.9079,66.1377],[29.89331,66.1477],[29.88114,66.15602],[29.8669,66.16575],[29.85198,66.1756],[29.84032,66.18309],[29.82938,66.19009],[29.81814,66.19729],[29.80857,66.20343],[29.79633,66.21124],[29.77618,66.2241],[29.7657,66.23106],[29.74694,66.24344],[29.72129,66.26045],[29.71009,66.26784],[29.6986,66.26737],[29.70695,66.27337],[29.69757,66.27709],[29.6899,66.28593],[29.67106,66.30891],[29.66217,66.31978],[29.65069,66.33715],[29.64471,66.34621],[29.63302,66.3638],[29.62312,66.37542],[29.61373,66.38583],[29.60475,66.39575],[29.59428,66.40739],[29.5779,66.42688],[29.56433,66.44306],[29.55682,66.45201],[29.54858,66.46183],[29.54064,66.47126],[29.53011,66.48377],[29.51957,66.49627],[29.47946,66.5365],[29.47206,66.5439],[29.4226,66.57846],[29.41215,66.58268],[29.41659,66.5925],[29.40612,66.59619],[29.38281,66.59846],[29.36621,66.62181],[29.35501,66.63809],[29.32319,66.66214],[29.30193,66.6763],[29.27302,66.69588],[29.26337,66.70247],[29.24405,66.71555],[29.22472,66.72875],[29.20483,66.74196],[29.18741,66.75458],[29.14965,66.78029],[29.13961,66.77981],[29.1313,66.78599],[29.10586,66.79045],[29.11421,66.79974],[29.11008,66.80962],[29.08507,66.83152],[29.06052,66.8531],[29.0463,66.89036],[29.04131,66.90333],[29.03585,66.91834],[29.03339,66.93061],[29.03384,66.94076],[29.03772,66.95306],[29.04762,66.96867],[29.05452,66.9761],[29.06363,66.98563],[29.07325,66.99615],[29.09361,67.0092],[29.15306,67.04782],[29.21967,67.08964],[29.26392,67.11677],[29.30624,67.14354],[29.34201,67.16615],[29.38276,67.19193],[29.39557,67.20015],[29.41658,67.21371],[29.43449,67.22527],[29.4448,67.23199],[29.46244,67.24362],[29.4717,67.24981],[29.48388,67.25821],[29.51628,67.28053],[29.50717,67.28485],[29.51412,67.29354],[29.51849,67.30299],[29.52554,67.31013],[29.53562,67.31037],[29.54564,67.30977],[29.55573,67.31225],[29.56612,67.31155],[29.57621,67.31353],[29.56691,67.31883],[29.57659,67.32381],[29.58425,67.33047],[29.59488,67.3285],[29.60493,67.3276],[29.61505,67.32726],[29.62467,67.33055],[29.63466,67.33282],[29.64454,67.33592],[29.63653,67.34208],[29.62634,67.34376],[29.61639,67.34559],[29.62412,67.35246],[29.63405,67.35381],[29.6444,67.35489],[29.65168,67.36185],[29.65797,67.36997],[29.6686,67.37145],[29.6788,67.37453],[29.68763,67.38103],[29.69802,67.38485],[29.70747,67.38816],[29.7162,67.39336],[29.72806,67.40552],[29.73898,67.41162],[29.75019,67.41792],[29.76245,67.42489],[29.77823,67.43549],[29.78649,67.44126],[29.80333,67.45334],[29.82619,67.46945],[29.84006,67.47918],[29.85925,67.49043],[29.89623,67.50732],[29.90658,67.51195],[29.93023,67.52252],[29.93574,67.53294],[29.94337,67.547],[29.94924,67.55755],[29.95608,67.56994],[29.96569,67.58667],[29.97186,67.59717],[29.97884,67.60891],[29.98737,67.62302],[30.00236,67.64831],[30.00805,67.65794],[30.01706,67.67354],[30.00449,67.67815],[29.96636,67.69203],[29.91386,67.71112],[29.90406,67.71466],[29.86527,67.72962],[29.81191,67.74807],[29.65942,67.80296],[29.62556,67.83024],[29.59234,67.85754],[29.55997,67.88496],[29.52673,67.91223],[29.49305,67.93985],[29.48219,67.94868],[29.45659,67.97015],[29.39378,68.02066],[29.36029,68.04797],[29.32709,68.07454],[29.31296,68.07701],[29.27985,68.08298],[29.2535,68.08785],[29.24147,68.09],[29.19119,68.099],[29.16513,68.10371],[29.07146,68.12054],[29.03824,68.12651],[29.02596,68.12875],[29.01292,68.13105],[28.98558,68.13592],[28.96927,68.13884],[28.9252,68.14668],[28.91013,68.14932],[28.88558,68.15368],[28.84561,68.16075],[28.82215,68.16494],[28.77212,68.17387],[28.70843,68.18524],[28.64613,68.1963],[28.62194,68.23599],[28.60745,68.25928],[28.59425,68.28113],[28.5817,68.30203],[28.56524,68.32812],[28.53781,68.37139],[28.51689,68.40447],[28.496,68.43842],[28.48753,68.4522],[28.47952,68.46547],[28.47318,68.47568],[28.46673,68.48651],[28.45719,68.50189],[28.44899,68.51532],[28.43393,68.53967],[28.44224,68.54558],[28.45131,68.55207],[28.46848,68.56436],[28.48515,68.57626],[28.49872,68.5859],[28.50891,68.5932],[28.52247,68.60281],[28.54097,68.61591],[28.55498,68.62582],[28.56411,68.63232],[28.58123,68.64439],[28.60412,68.66058],[28.62465,68.67499],[28.63965,68.6855],[28.64879,68.69191],[28.66053,68.70015],[28.6701,68.70683],[28.685,68.71727],[28.70641,68.73224],[28.7131,68.7421],[28.72437,68.75856],[28.73695,68.77714],[28.74469,68.78845],[28.75078,68.7973],[28.76456,68.81732],[28.78141,68.84166],[28.7917,68.85639],[28.80078,68.86929],[28.79004,68.87059],[28.77471,68.87251],[28.75963,68.87435],[28.74762,68.87583],[28.73669,68.87717],[28.72648,68.87842],[28.70705,68.88081],[28.69298,68.88254],[28.67923,68.88422],[28.66128,68.88642],[28.64974,68.88637],[28.62355,68.88625],[28.60034,68.88613],[28.58575,68.88606],[28.56923,68.88598],[28.55037,68.88588],[28.5168,68.88571],[28.4939,68.88558],[28.47532,68.88548],[28.46436,68.88754],[28.4477,68.89713],[28.43201,68.90614],[28.41579,68.91545],[28.42596,68.91732],[28.44668,68.92112],[28.46011,68.92359],[28.48587,68.92831],[28.49579,68.93012],[28.52248,68.93769],[28.54407,68.94381],[28.5578,68.94769],[28.57234,68.9518],[28.59236,68.95746],[28.60768,68.96178],[28.62543,68.96679],[28.64728,68.97294],[28.67416,68.98052],[28.69431,68.98618],[28.70473,68.98911],[28.72783,68.9956],[28.74741,69.0011],[28.76477,69.00596],[28.77716,69.00944],[28.80556,69.01739],[28.82392,69.02253],[28.84405,69.02815],[28.85872,69.03225],[28.86956,69.03527],[28.89424,69.04215],[28.91295,69.04735],[28.92908,69.05185],[28.87759,69.06904],[28.85458,69.07664],[28.83537,69.09014],[28.80543,69.11116],[28.81021,69.12285],[28.82546,69.16009],[28.83031,69.1719],[28.83073,69.18974],[28.83123,69.21137],[28.83154,69.22436],[28.89105,69.25074],[28.93085,69.26832],[28.99296,69.29623],[29.05781,69.32531],[29.10774,69.34772],[29.15815,69.37035],[29.21934,69.39764],[29.26641,69.43014],[29.2837,69.44204],[29.29504,69.44985],[29.3365,69.47832],[29.31582,69.4985],[29.2894,69.52426],[29.27121,69.54181],[29.25492,69.55748],[29.23324,69.57848],[29.21994,69.59136],[29.20337,69.60743],[29.19363,69.61683],[29.18023,69.62974],[29.17054,69.63904],[29.15819,69.65805],[29.14625,69.67641],[29.14039,69.68541],[29.13391,69.69534],[29.10878,69.6993],[29.03308,69.71139],[28.98994,69.71823],[28.917,69.72976],[28.89441,69.73384],[28.80156,69.75046],[28.76546,69.75692],[28.68859,69.77064],[28.64445,69.77812],[28.6036,69.78504],[28.51522,69.8],[28.48885,69.80439],[28.4439,69.81185],[28.40423,69.81843],[28.38404,69.82683],[28.33048,69.84919],[28.33841,69.86615],[28.34527,69.88083],[28.2965,69.89148],[28.24882,69.90186],[28.16071,69.92099],[28.10709,69.94892],[28.06635,69.9701],[28.03247,69.98772],[28.01788,69.99524],[27.98429,70.01397],[27.98241,70.02821],[27.97699,70.05425],[27.96466,70.08069],[27.96044,70.08982],[27.94829,70.09187],[27.93835,70.09032],[27.9275,70.08962],[27.91725,70.08746],[27.90566,70.08648],[27.89361,70.086],[27.88128,70.08558],[27.87094,70.08468],[27.85937,70.08235],[27.84443,70.08092],[27.83198,70.07946],[27.82013,70.07944],[27.81004,70.07846],[27.79769,70.07731],[27.78538,70.07479],[27.77404,70.07133],[27.76176,70.06767],[27.75082,70.06565],[27.73933,70.06442],[27.72844,70.06665],[27.71826,70.07],[27.70819,70.07311],[27.69779,70.07592],[27.68687,70.07694],[27.67544,70.07733],[27.66275,70.07693],[27.65131,70.07556],[27.64012,70.0756],[27.62896,70.07467],[27.61599,70.075],[27.60618,70.07289],[27.59515,70.0698],[27.58498,70.06839],[27.57456,70.06649],[27.56498,70.06148],[27.5543,70.05898],[27.54742,70.05129],[27.54021,70.04383],[27.54016,70.03332],[27.532,70.02638],[27.52122,70.02249],[27.51044,70.02231],[27.49911,70.02156],[27.48641,70.02156],[27.47311,70.02187],[27.46295,70.02031],[27.45092,70.02029],[27.43961,70.02034],[27.42856,70.01921],[27.41868,70.01666],[27.40699,70.0136],[27.39795,70.00782],[27.38792,70.00176],[27.37837,69.99852],[27.36665,69.9949],[27.35612,69.99106],[27.34448,69.98905],[27.33303,69.98853],[27.32237,69.98956],[27.31192,69.99041],[27.3005,69.98731],[27.28879,69.98452],[27.27944,69.98042],[27.28608,69.97237],[27.29409,69.96593],[27.30362,69.96149],[27.29689,69.9536],[27.28547,69.95175],[27.27293,69.95049],[27.26235,69.95002],[27.25141,69.94903],[27.24024,69.94853],[27.22821,69.94726],[27.21837,69.94446],[27.20846,69.94276],[27.1974,69.94025],[27.18519,69.93871],[27.1739,69.93594],[27.16266,69.93409],[27.1509,69.93253],[27.13979,69.93259],[27.1292,69.93185],[27.11948,69.92669],[27.11061,69.92087],[27.09994,69.91756],[27.08741,69.91736],[27.07654,69.91818],[27.06569,69.91798],[27.05558,69.91501],[27.04609,69.9115],[27.03561,69.91034],[27.02608,69.9134],[27.01614,69.91695],[27.00656,69.92214],[26.99796,69.92836],[26.9885,69.93357],[26.97772,69.93693],[26.96639,69.93883],[26.95583,69.9398],[26.94478,69.93951],[26.93422,69.93946],[26.92356,69.93749],[26.91243,69.93457],[26.90233,69.93298],[26.89039,69.93211],[26.8783,69.93341],[26.86886,69.93672],[26.85952,69.94058],[26.85825,69.95053],[26.85342,69.95995],[26.84315,69.96027],[26.83303,69.96004],[26.81806,69.95869],[26.80505,69.95909],[26.79459,69.95882],[26.78222,69.95817],[26.77002,69.95589],[26.75799,69.95263],[26.74804,69.94986],[26.73687,69.94762],[26.72581,69.94547],[26.71547,69.94527],[26.70456,69.94799],[26.69512,69.95347],[26.68596,69.95973],[26.67608,69.96462],[26.66615,69.96266],[26.65611,69.96207],[26.64584,69.96133],[26.63384,69.9603],[26.62355,69.95972],[26.61247,69.95829],[26.60179,69.95664],[26.59071,69.95495],[26.58076,69.95331],[26.57022,69.952],[26.55925,69.94951],[26.54788,69.94725],[26.53696,69.94656],[26.52636,69.94591],[26.51562,69.94565],[26.50527,69.94586],[26.49525,69.94559],[26.48525,69.94394],[26.47415,69.9411],[26.46373,69.93893],[26.45772,69.93058],[26.45623,69.92016],[26.44648,69.91529],[26.43709,69.91032],[26.42723,69.90702],[26.41622,69.90384],[26.40778,69.89816],[26.41621,69.89152],[26.41371,69.88154],[26.40556,69.87493],[26.39975,69.86575],[26.39077,69.86082],[26.38201,69.8535],[26.37089,69.8503],[26.3615,69.84497],[26.3514,69.84568],[26.34099,69.84193],[26.33165,69.83623],[26.32111,69.83423],[26.31103,69.83103],[26.30125,69.82864],[26.29048,69.82649],[26.28024,69.82478],[26.26831,69.82054],[26.25652,69.81856],[26.24589,69.81737],[26.24118,69.80819],[26.24875,69.80138],[26.24022,69.79358],[26.22996,69.79337],[26.2229,69.78551],[26.21329,69.77947],[26.20317,69.77926],[26.19244,69.77706],[26.18353,69.77054],[26.18342,69.76025],[26.17325,69.75828],[26.16233,69.75829],[26.15118,69.75605],[26.14767,69.74667],[26.13895,69.74069],[26.12883,69.73615],[26.11731,69.73237],[26.10761,69.72974],[26.09734,69.72855],[26.08554,69.72799],[26.07561,69.72587],[26.06444,69.72445],[26.05451,69.72116],[26.04311,69.72033],[26.0331,69.72132],[26.02243,69.72189],[26.01051,69.72298],[25.9993,69.71939],[25.99025,69.7147],[25.97904,69.70941],[25.96795,69.70616],[25.96022,69.69925],[25.95054,69.69655],[25.94441,69.6877],[25.93414,69.68132],[25.92203,69.67942],[25.91278,69.6756],[25.90285,69.67229],[25.89321,69.66723],[25.90091,69.65795],[25.91145,69.65695],[25.92188,69.65632],[25.93256,69.65473],[25.94419,69.65159],[25.95404,69.64732],[25.95932,69.63868],[25.96074,69.62848],[25.96333,69.61836],[25.97299,69.61425],[25.97098,69.60414],[25.96226,69.59727],[25.95233,69.59448],[25.94576,69.5866],[25.94181,69.57698],[25.93294,69.5713],[25.92296,69.56897],[25.91112,69.56437],[25.9016,69.56069],[25.89097,69.55814],[25.88065,69.55531],[25.87007,69.55309],[25.85874,69.55336],[25.84681,69.55272],[25.84003,69.54527],[25.84989,69.53958],[25.86011,69.537],[25.86967,69.53291],[25.87655,69.52532],[25.86948,69.51784],[25.85996,69.51353],[25.85816,69.50351],[25.84985,69.49691],[25.85341,69.48719],[25.86338,69.48357],[25.859,69.47374],[25.84853,69.47177],[25.83752,69.46946],[25.83044,69.4585],[25.82586,69.44935],[25.81796,69.44207],[25.80923,69.43621],[25.8085,69.42593],[25.79731,69.42436],[25.80642,69.4194],[25.81631,69.41781],[25.80936,69.41039],[25.81951,69.40595],[25.83027,69.40725],[25.83842,69.40131],[25.84655,69.39451],[25.83695,69.39156],[25.83041,69.38354],[25.82056,69.37987],[25.81204,69.37459],[25.81628,69.36527],[25.80787,69.35828],[25.79729,69.35687],[25.78673,69.35606],[25.77907,69.34927],[25.77045,69.3432],[25.75997,69.34095],[25.7585,69.33091],[25.7517,69.3233],[25.74183,69.31906],[25.7385,69.30941],[25.74758,69.30501],[25.7382,69.29885],[25.74525,69.29089],[25.7387,69.2828],[25.73248,69.27407],[25.73014,69.26351],[25.72106,69.25907],[25.71123,69.2567],[25.70224,69.25137],[25.70734,69.24271],[25.7027,69.23332],[25.71077,69.22721],[25.70709,69.21728],[25.70491,69.20738],[25.69516,69.20478],[25.69482,69.19476],[25.70399,69.18935],[25.71139,69.18209],[25.71776,69.17413],[25.72454,69.16658],[25.73067,69.15832],[25.73569,69.14921],[25.7417,69.1409],[25.73593,69.13215],[25.73179,69.12302],[25.72368,69.11665],[25.72683,69.1071],[25.72671,69.09686],[25.72931,69.0867],[25.72781,69.07591],[25.73556,69.06946],[25.74357,69.06331],[25.75239,69.05804],[25.75023,69.04809],[25.7469,69.03819],[25.75435,69.03115],[25.76473,69.02994],[25.77346,69.02449],[25.77521,69.01464],[25.76746,69.00796],[25.75794,69.00405],[25.74752,69.00067],[25.73827,68.99585],[25.72801,68.99247],[25.71987,68.98599],[25.71191,68.97968],[25.7124,68.96968],[25.70711,68.96101],[25.69945,68.954],[25.69056,68.94876],[25.68386,68.93976],[25.67493,68.93317],[25.66759,68.92599],[25.66029,68.91882],[25.65549,68.90985],[25.64669,68.9045],[25.63638,68.9028],[25.6277,68.89747],[25.61958,68.89081],[25.60965,68.88924],[25.60033,68.88487],[25.59036,68.8834],[25.58036,68.88435],[25.5698,68.88579],[25.55935,68.88652],[25.54821,68.88664],[25.53802,68.88695],[25.52768,68.88935],[25.51753,68.89188],[25.50811,68.89703],[25.49724,68.89853],[25.48887,68.9046],[25.47795,68.90467],[25.46601,68.90195],[25.45623,68.89936],[25.4461,68.89726],[25.43602,68.89461],[25.42602,68.89383],[25.41604,68.89176],[25.40603,68.89227],[25.39784,68.8856],[25.38728,68.88334],[25.37747,68.88126],[25.36682,68.87696],[25.35558,68.87415],[25.34538,68.87132],[25.33408,68.86892],[25.32419,68.86585],[25.31422,68.86365],[25.30417,68.86252],[25.29377,68.8601],[25.2852,68.85478],[25.2744,68.85261],[25.26459,68.84919],[25.25428,68.84484],[25.24449,68.84189],[25.23688,68.83537],[25.23178,68.82654],[25.22226,68.82329],[25.21258,68.81983],[25.20369,68.81409],[25.19446,68.80965],[25.18303,68.80799],[25.17334,68.80448],[25.16359,68.80118],[25.15444,68.797],[25.14725,68.7896],[25.14182,68.78114],[25.13658,68.77242],[25.13462,68.7624],[25.12605,68.75722],[25.12297,68.74762],[25.12574,68.73781],[25.12327,68.7281],[25.12854,68.71938],[25.12128,68.71175],[25.11399,68.70462],[25.11414,68.69448],[25.11012,68.68493],[25.11125,68.67479],[25.11415,68.66497],[25.11393,68.65441],[25.11594,68.64458],[25.1089,68.63729],[25.09862,68.63641],[25.08884,68.63386],[25.08193,68.62649],[25.07261,68.62243],[25.06239,68.62117],[25.05252,68.62477],[25.04236,68.62537],[25.03236,68.62312],[25.02223,68.62377],[25.01381,68.61825],[25.00482,68.61371],[24.99486,68.61237],[24.98494,68.61433],[24.97516,68.61651],[24.96516,68.61635],[24.95495,68.61506],[24.94533,68.61211],[24.93533,68.61141],[24.92535,68.60773],[24.90657,68.58191],[24.90509,68.57002],[24.90317,68.55459],[24.8815,68.55818],[24.85717,68.56221],[24.82855,68.59125],[24.81463,68.60536],[24.80115,68.61876],[24.79315,68.62666],[24.78342,68.63623],[24.71642,68.65376],[24.67157,68.66545],[24.65842,68.66888],[24.60839,68.6819],[24.57606,68.68598],[24.52282,68.69265],[24.50916,68.69437],[24.49256,68.69645],[24.46763,68.69957],[24.44964,68.70147],[24.43238,68.70329],[24.40106,68.70669],[24.38284,68.70866],[24.3269,68.7147],[24.30226,68.71735],[24.27778,68.72203],[24.25096,68.72713],[24.22215,68.73933],[24.20805,68.74531],[24.17705,68.74997],[24.15296,68.75359],[24.15855,68.78971],[24.07559,68.77997],[24.04274,68.79677],[24.01473,68.8111],[23.98333,68.82714],[23.94937,68.83],[23.87146,68.83652],[23.81385,68.82595],[23.77539,68.81885],[23.75384,68.78576],[23.74339,68.76972],[23.73106,68.75075],[23.67352,68.70552],[23.58951,68.70075],[23.54583,68.69825],[23.52879,68.69726],[23.51066,68.69621],[23.49856,68.69551],[23.48807,68.69491],[23.44064,68.69216],[23.38974,68.68097],[23.36375,68.67523],[23.33989,68.66954],[23.32072,68.66496],[23.24028,68.64578],[23.2208,68.64115],[23.16758,68.62852],[23.12556,68.64947],[23.10191,68.66126],[23.0673,68.67863],[23.05444,68.68508],[23.01062,68.68911],[22.95508,68.68872],[22.87473,68.68813],[22.80082,68.68755],[22.77065,68.69355],[22.74529,68.69858],[22.71513,68.70456],[22.69979,68.7076],[22.68596,68.71033],[22.6577,68.7159],[22.63545,68.72026],[22.60577,68.72612],[22.59329,68.72939],[22.53539,68.74451],[22.51293,68.74063],[22.43433,68.72705],[22.40474,68.72191],[22.37452,68.71667],[22.36419,68.7516],[22.35372,68.78703],[22.34791,68.80494],[22.34078,68.82723],[22.28406,68.86217],[22.265,68.87391],[22.19187,68.91877],[22.18739,68.92925],[22.17953,68.94755],[22.16198,68.96499],[22.09069,69.008],[22.06081,69.02616],[22.0364,69.04096],[22.02455,69.04814],[22.0074,69.05852],[21.98395,69.07308],[21.93802,69.09664],[21.90195,69.11538],[21.8464,69.14416],[21.80729,69.16656],[21.78955,69.17671],[21.76929,69.18829],[21.75653,69.19557],[21.72334,69.21449],[21.69424,69.23327],[21.68178,69.2413],[21.66801,69.2502],[21.65914,69.25592],[21.62709,69.27659],[21.58604,69.28058],[21.55528,69.28357],[21.51054,69.28791],[21.44165,69.29456],[21.36565,69.30263],[21.27882,69.31188],[21.26501,69.30803],[21.20802,69.29211],[21.09617,69.26091],[21.03619,69.23603],[21.02631,69.23192],[21.00331,69.22234],[20.99566,69.20756],[20.98757,69.19193],[21.00923,69.17277],[21.0318,69.15277],[21.04673,69.13952],[21.05562,69.12209],[21.10867,69.10393],[21.08413,69.07158],[21.05754,69.03629],[20.98857,69.05298],[20.94637,69.06316],[20.88847,69.07712],[20.83456,69.09055],[20.81357,69.09579],[20.78926,69.10186],[20.76195,69.10868],[20.74984,69.1117],[20.71732,69.11979],[20.70618,69.11578],[20.68795,69.10921],[20.66749,69.10183],[20.65356,69.09679],[20.64154,69.09245],[20.63193,69.08896],[20.61898,69.08427],[20.59689,69.07626],[20.55233,69.06008],[20.56328,69.05641],[20.57561,69.05338],[20.58563,69.05306],[20.59574,69.05116],[20.60599,69.05007],[20.61609,69.04746],[20.62754,69.04584],[20.63869,69.04478],[20.64932,69.04403],[20.66236,69.04312],[20.67331,69.04332],[20.68406,69.04297],[20.6977,69.04411],[20.70781,69.04292],[20.71889,69.03978],[20.73584,69.03701],[20.75046,69.03563],[20.76457,69.03412],[20.77492,69.03265],[20.78831,69.02652],[20.80046,69.02252],[20.81114,69.01884],[20.82037,69.0059],[20.82904,69.00064],[20.83757,68.99531],[20.84756,68.99152],[20.85826,68.98988],[20.86833,68.98694],[20.87846,68.98686],[20.888,68.98145],[20.89705,68.97708],[20.90862,68.97115],[20.91376,68.96196],[20.90634,68.95317],[20.89625,68.94796],[20.88461,68.94194],[20.86902,68.94353],[20.85795,68.94074],[20.84788,68.93753],[20.8505,68.92698],[20.8603,68.92328],[20.87155,68.92092],[20.88134,68.91788],[20.88909,68.91066],[20.89717,68.90455],[20.89075,68.89667],[20.88043,68.89628],[20.89558,68.89124],[20.90693,68.89181],[20.91603,68.89717],[20.92687,68.8978],[20.93973,68.89714],[20.9505,68.89665],[20.96001,68.89174],[20.97129,68.89275],[20.98427,68.89182],[20.99265,68.89734],[21.00293,68.8943],[21.01258,68.89099],[21.02312,68.88787],[21.03204,68.88264],[21.04229,68.88206],[21.05219,68.87891],[21.06223,68.87627],[21.07199,68.87293],[21.07805,68.86492],[21.08784,68.86228],[21.0979,68.86064],[21.10816,68.85935],[21.11872,68.85592],[21.12862,68.85358],[21.13907,68.84698],[21.14664,68.8397],[21.15714,68.8373],[21.16688,68.83446],[21.17645,68.83105],[21.18494,68.82513],[21.19532,68.82357],[21.20458,68.81959],[21.21576,68.81705],[21.2259,68.81603],[21.23601,68.81322],[21.24447,68.80755],[21.25315,68.8025],[21.25893,68.79389],[21.26547,68.78472],[21.2736,68.77878],[21.28283,68.77437],[21.29117,68.76873],[21.29899,68.76239],[21.31,68.76024],[21.32049,68.75937],[21.33134,68.76002],[21.34143,68.7631],[21.35285,68.76513],[21.36287,68.76718],[21.37333,68.76627],[21.38387,68.76475],[21.39326,68.76019],[21.40288,68.75645],[21.41119,68.74901],[21.40697,68.73957],[21.41355,68.73172],[21.41585,68.72065],[21.41268,68.71093],[21.42188,68.70392],[21.42745,68.69382],[21.43827,68.68966],[21.44856,68.68807],[21.45903,68.68539],[21.46924,68.68187],[21.48,68.68134],[21.49108,68.67949],[21.5008,68.6766],[21.51175,68.67573],[21.52277,68.67733],[21.53374,68.67554],[21.54413,68.67611],[21.55433,68.67771],[21.5644,68.67547],[21.57836,68.66921],[21.58912,68.66743],[21.60396,68.66677],[21.61509,68.66492],[21.62328,68.65859],[21.63271,68.65413],[21.64258,68.65075],[21.65269,68.65042],[21.66186,68.64369],[21.6709,68.63901],[21.68105,68.6364],[21.69089,68.6331],[21.70065,68.63063],[21.70951,68.62546],[21.70535,68.61617],[21.69693,68.61074],[21.70044,68.60047],[21.70909,68.59448],[21.719,68.59053],[21.72896,68.58963],[21.73985,68.58887],[21.75044,68.58759],[21.76097,68.58728],[21.77267,68.58557],[21.78418,68.58579],[21.7942,68.58625],[21.80426,68.58869],[21.81559,68.58978],[21.82703,68.58994],[21.83724,68.59112],[21.84892,68.58981],[21.85993,68.58897],[21.87002,68.58482],[21.88072,68.58483],[21.89265,68.58303],[21.90274,68.57886],[21.91292,68.5725],[21.92315,68.56869],[21.93244,68.56439],[21.94141,68.55871],[21.95212,68.55518],[21.96436,68.55226],[21.972,68.54529],[21.9811,68.54089],[21.98968,68.53508],[22.00014,68.53465],[21.9988,68.52415],[22.00516,68.51473],[22.00931,68.50502],[22.01571,68.4962],[22.02505,68.49082],[22.03324,68.48474],[22.04272,68.47985],[22.0543,68.47925],[22.06553,68.48012],[22.07591,68.48238],[22.08655,68.4821],[22.09756,68.48123],[22.10796,68.48015],[22.11821,68.48161],[22.12556,68.47438],[22.13636,68.47084],[22.14676,68.47083],[22.15794,68.47147],[22.16891,68.47435],[22.17905,68.47785],[22.18968,68.47958],[22.20047,68.4798],[22.21064,68.47671],[22.22037,68.47325],[22.23221,68.47623],[22.24189,68.47896],[22.25208,68.48236],[22.26206,68.47967],[22.27217,68.47976],[22.28244,68.47851],[22.29162,68.48297],[22.30233,68.48352],[22.31296,68.48227],[22.32315,68.48128],[22.33331,68.48106],[22.34333,68.48223],[22.34466,68.47176],[22.34643,68.4619],[22.34515,68.45163],[22.35267,68.44473],[22.36341,68.44794],[22.37304,68.4523],[22.38246,68.45651],[22.39176,68.46079],[22.40089,68.46555],[22.41192,68.46681],[22.42184,68.46324],[22.43205,68.46491],[22.44033,68.45818],[22.44955,68.45264],[22.45911,68.4479],[22.46751,68.4416],[22.47902,68.44305],[22.49424,68.44292],[22.50615,68.44222],[22.51739,68.43972],[22.52717,68.43736],[22.53749,68.43426],[22.54988,68.43488],[22.56081,68.4312],[22.56927,68.42384],[22.57995,68.42243],[22.59061,68.42529],[22.60109,68.42554],[22.61227,68.42709],[22.62107,68.43369],[22.63174,68.43472],[22.643,68.43261],[22.63958,68.42252],[22.64845,68.41619],[22.65968,68.41419],[22.66984,68.41191],[22.68079,68.41035],[22.69079,68.40638],[22.69949,68.39825],[22.71117,68.39734],[22.72153,68.39525],[22.72996,68.38664],[22.74057,68.38481],[22.7514,68.38481],[22.76279,68.38483],[22.77282,68.3873],[22.78316,68.391],[22.7936,68.39306],[22.8041,68.39232],[22.81389,68.38873],[22.82479,68.38781],[22.83528,68.3856],[22.84539,68.38308],[22.83918,68.37485],[22.83683,68.36507],[22.84585,68.36054],[22.8571,68.3597],[22.86638,68.35587],[22.87595,68.35174],[22.88645,68.34998],[22.896,68.3464],[22.90602,68.34242],[22.91385,68.33464],[22.92656,68.33314],[22.93738,68.33339],[22.94841,68.33288],[22.96008,68.33269],[22.97038,68.33246],[22.97678,68.32466],[22.9861,68.32039],[22.9973,68.31766],[23.00694,68.31468],[23.01767,68.31183],[23.02793,68.30903],[23.03785,68.30689],[23.04803,68.30706],[23.05834,68.30658],[23.06693,68.30102],[23.06613,68.29039],[23.06418,68.28038],[23.07247,68.27472],[23.07887,68.26617],[23.09009,68.26175],[23.09985,68.25884],[23.11057,68.25229],[23.12234,68.24969],[23.13347,68.24867],[23.14349,68.24683],[23.14895,68.23721],[23.14829,68.22591],[23.14185,68.21798],[23.14086,68.20799],[23.1483,68.20085],[23.15882,68.19985],[23.15135,68.19164],[23.14427,68.1835],[23.14507,68.17324],[23.14401,68.16314],[23.14149,68.15325],[23.14796,68.14543],[23.15273,68.13661],[23.16232,68.13365],[23.17239,68.13371],[23.18337,68.13733],[23.194,68.13816],[23.20436,68.14127],[23.21357,68.14621],[23.22378,68.14684],[23.23405,68.1486],[23.24591,68.14852],[23.25629,68.15176],[23.26508,68.15678],[23.27577,68.15741],[23.28608,68.15475],[23.2947,68.14942],[23.30487,68.14961],[23.3127,68.143],[23.32124,68.13512],[23.32628,68.12618],[23.3275,68.11607],[23.335,68.10908],[23.33799,68.09923],[23.34779,68.09409],[23.35603,68.08825],[23.36123,68.07939],[23.3679,68.0716],[23.37097,68.06186],[23.38111,68.05766],[23.38664,68.04893],[23.39751,68.04401],[23.40928,68.04149],[23.41928,68.04057],[23.4299,68.03793],[23.44018,68.0376],[23.45031,68.03529],[23.46132,68.03186],[23.46495,68.02236],[23.47481,68.01847],[23.48532,68.01563],[23.49567,68.01404],[23.50612,68.01117],[23.51642,68.00912],[23.527,68.00736],[23.53683,68.0046],[23.53713,67.99448],[23.54504,67.98815],[23.55703,67.98088],[23.56745,67.97565],[23.57718,67.97157],[23.58847,67.97219],[23.59944,67.97218],[23.61066,67.97026],[23.62415,67.96793],[23.63441,67.96642],[23.64526,67.96348],[23.65143,67.95512],[23.65873,67.94763],[23.657,67.93771],[23.6497,67.93047],[23.6453,67.92039],[23.63662,67.91368],[23.62529,67.91069],[23.61539,67.9075],[23.60496,67.90509],[23.59491,67.90296],[23.58769,67.89573],[23.57466,67.89266],[23.56456,67.89458],[23.55416,67.8982],[23.54604,67.89199],[23.53639,67.88907],[23.5264,67.88713],[23.51614,67.884],[23.50735,67.87879],[23.50373,67.86929],[23.49466,67.86428],[23.49053,67.85498],[23.48656,67.84542],[23.47958,67.83799],[23.48231,67.82778],[23.47439,67.82067],[23.47669,67.81085],[23.47979,67.80106],[23.48982,67.79499],[23.49254,67.78498],[23.48475,67.77859],[23.48819,67.76792],[23.49025,67.75765],[23.48662,67.7472],[23.47774,67.74181],[23.48304,67.73332],[23.4784,67.72396],[23.48045,67.71402],[23.47886,67.70369],[23.48765,67.69806],[23.4896,67.68817],[23.49802,67.68139],[23.49511,67.6716],[23.4959,67.66162],[23.50559,67.65434],[23.51366,67.64708],[23.52278,67.64231],[23.53208,67.63787],[23.54018,67.63099],[23.5466,67.62264],[23.55708,67.62158],[23.54943,67.61404],[23.54216,67.60676],[23.5418,67.59666],[23.54433,67.58563],[23.53737,67.57811],[23.52756,67.57609],[23.51932,67.56952],[23.51037,67.56406],[23.50007,67.56336],[23.49029,67.56656],[23.47953,67.56596],[23.469,67.56586],[23.45898,67.5631],[23.46186,67.5535],[23.47032,67.54756],[23.48064,67.54241],[23.47632,67.53321],[23.46757,67.52796],[23.45751,67.52568],[23.44758,67.52156],[23.43689,67.5182],[23.43368,67.50852],[23.42451,67.50438],[23.41296,67.50256],[23.40443,67.49572],[23.39625,67.48975],[23.40133,67.48018],[23.40635,67.47128],[23.41527,67.46615],[23.42546,67.46505],[23.43536,67.46237],[23.4461,67.45912],[23.45541,67.45512],[23.46665,67.45276],[23.47909,67.4512],[23.48921,67.44814],[23.49913,67.44606],[23.50966,67.44646],[23.51761,67.45253],[23.52715,67.45679],[23.53697,67.46063],[23.54751,67.4612],[23.55858,67.45996],[23.56906,67.45783],[23.57908,67.45436],[23.59,67.45329],[23.60095,67.45379],[23.61084,67.45205],[23.62151,67.45115],[23.63151,67.4491],[23.64155,67.44749],[23.65162,67.44688],[23.66197,67.44586],[23.67215,67.44291],[23.68217,67.44219],[23.69305,67.4443],[23.70379,67.44588],[23.71419,67.44462],[23.72403,67.44226],[23.73604,67.43893],[23.74662,67.43669],[23.75678,67.43456],[23.76458,67.42821],[23.75578,67.4234],[23.75173,67.41383],[23.74636,67.40499],[23.73666,67.39921],[23.72778,67.39375],[23.71886,67.3892],[23.7278,67.38194],[23.73081,67.37203],[23.73413,67.36229],[23.73759,67.35254],[23.74688,67.34822],[23.75694,67.34936],[23.76577,67.34397],[23.77511,67.33931],[23.76717,67.33302],[23.75732,67.32878],[23.74972,67.32226],[23.74567,67.31286],[23.74001,67.30415],[23.7357,67.29476],[23.72792,67.2871],[23.7188,67.2822],[23.7079,67.28234],[23.69782,67.28322],[23.68714,67.28285],[23.67598,67.28209],[23.66503,67.2797],[23.65491,67.27892],[23.64448,67.27722],[23.63481,67.27367],[23.62368,67.27187],[23.61335,67.27335],[23.60307,67.2729],[23.59313,67.27086],[23.58297,67.27035],[23.57293,67.26683],[23.56324,67.26262],[23.56889,67.25333],[23.55762,67.24929],[23.56078,67.23912],[23.55458,67.23098],[23.54626,67.22519],[23.55696,67.22397],[23.56829,67.22157],[23.57698,67.21658],[23.5872,67.21141],[23.58758,67.20088],[23.58794,67.1907],[23.57766,67.18749],[23.56772,67.18539],[23.55855,67.18099],[23.55186,67.1726],[23.55961,67.16434],[23.5693,67.15904],[23.57767,67.15288],[23.5864,67.14794],[23.5947,67.14041],[23.6042,67.13547],[23.6126,67.12911],[23.62197,67.12438],[23.62867,67.11555],[23.63844,67.11005],[23.64811,67.10611],[23.6569,67.10061],[23.66105,67.09149],[23.66713,67.08333],[23.66769,67.07308],[23.67441,67.06431],[23.68397,67.05803],[23.69379,67.05443],[23.70224,67.04761],[23.71219,67.04449],[23.71497,67.03486],[23.72448,67.03154],[23.73224,67.0241],[23.74022,67.01699],[23.75133,67.01205],[23.75949,67.00594],[23.76852,67.0013],[23.78017,66.99788],[23.79008,66.99481],[23.79979,66.98988],[23.80609,66.98166],[23.81603,66.97969],[23.82162,66.97139],[23.82691,66.9626],[23.83687,66.95949],[23.84694,66.95972],[23.85673,66.95619],[23.86172,66.94738],[23.86444,66.93737],[23.86335,66.92732],[23.86648,66.91745],[23.87667,66.91328],[23.88543,66.90841],[23.89691,66.90286],[23.90561,66.89786],[23.91251,66.88985],[23.92328,66.88603],[23.93413,66.88461],[23.94188,66.87767],[23.949,66.86903],[23.95579,66.86082],[23.96562,66.85285],[23.97072,66.84399],[23.97815,66.83715],[23.98707,66.82982],[23.99482,66.82254],[23.98962,66.81385],[23.98785,66.80346],[23.97853,66.79919],[23.98285,66.79012],[23.9752,66.78341],[23.96186,66.78242],[23.95179,66.78386],[23.93956,66.78885],[23.92978,66.79408],[23.91891,66.79594],[23.9087,66.7944],[23.91164,66.78468],[23.91617,66.77499],[23.90618,66.77026],[23.89416,66.7699],[23.88482,66.76584],[23.87859,66.75755],[23.88585,66.7504],[23.88847,66.74074],[23.89523,66.7326],[23.90322,66.72559],[23.90079,66.71538],[23.89735,66.7058],[23.89106,66.69763],[23.88826,66.68796],[23.88766,66.67795],[23.87869,66.67289],[23.87212,66.66489],[23.86668,66.65615],[23.86881,66.64596],[23.87053,66.63588],[23.87404,66.62641],[23.88065,66.6187],[23.88122,66.60791],[23.87639,66.59914],[23.87604,66.58903],[23.87574,66.57882],[23.86843,66.57149],[23.86117,66.56386],[23.85453,66.55618],[23.84404,66.55516],[23.83389,66.55344],[23.82506,66.5485],[23.81481,66.54563],[23.80477,66.54175],[23.79525,66.53789],[23.78544,66.53577],[23.79107,66.52669],[23.79561,66.51773],[23.78528,66.51541],[23.77534,66.51411],[23.76475,66.51113],[23.75529,66.50622],[23.74534,66.50407],[23.73574,66.50754],[23.72642,66.50331],[23.7187,66.49497],[23.71546,66.48513],[23.7143,66.47484],[23.7035,66.47495],[23.69349,66.47473],[23.68394,66.47158],[23.67529,66.46582],[23.66433,66.46268],[23.65463,66.45903],[23.6498,66.44986],[23.64795,66.44],[23.64289,66.43082],[23.64768,66.42157],[23.65633,66.41408],[23.66191,66.40561],[23.6694,66.397],[23.67914,66.39437],[23.68794,66.3896],[23.68583,66.37924],[23.67827,66.37183],[23.67137,66.364],[23.66244,66.35633],[23.65744,66.34744],[23.65976,66.33722],[23.65873,66.32716],[23.65688,66.31664],[23.65001,66.30807],[23.64858,66.29809],[23.65664,66.29195],[23.66487,66.28425],[23.67083,66.27562],[23.67046,66.26531],[23.67423,66.25547],[23.68418,66.25276],[23.69407,66.24791],[23.6994,66.23935],[23.6933,66.23086],[23.70027,66.22272],[23.70939,66.21713],[23.72113,66.21538],[23.73038,66.20938],[23.72657,66.19995],[23.73493,66.19338],[23.74531,66.19266],[23.75819,66.1913],[23.77173,66.18876],[23.78292,66.1868],[23.79604,66.18252],[23.80759,66.17858],[23.81864,66.17545],[23.82787,66.17149],[23.83855,66.17044],[23.84895,66.17107],[23.85907,66.1713],[23.86718,66.16528],[23.87766,66.16576],[23.88783,66.16765],[23.89771,66.1651],[23.90767,66.16336],[23.91821,66.16141],[23.92592,66.15434],[23.92634,66.14433],[23.91603,66.14018],[23.92208,66.13216],[23.93229,66.12669],[23.94077,66.12085],[23.93595,66.11203],[23.94514,66.1073],[23.93916,66.09857],[23.93668,66.08884],[23.93721,66.07851],[23.94681,66.07226],[23.95734,66.06865],[23.96659,66.06192],[23.97626,66.05703],[23.98407,66.0504],[23.99039,66.04111],[23.99843,66.03372],[24.00693,66.02824],[24.01557,66.02195],[24.02529,66.01645],[24.03539,66.01052],[24.04356,66.00354],[24.04916,65.99497],[24.0498,65.9841],[24.0529,65.97459],[24.04315,65.97118],[24.04565,65.96031],[24.05291,65.95298],[24.06254,65.94862],[24.07243,65.94528],[24.07976,65.93758],[24.08844,65.93122],[24.0983,65.92956],[24.10839,65.93161],[24.11751,65.92712],[24.11452,65.91704],[24.11361,65.90623],[24.11689,65.89665],[24.12673,65.89139],[24.13424,65.88463],[24.1401,65.87475],[24.14782,65.86822],[24.13632,65.86296],[24.12668,65.85931],[24.12793,65.84937],[24.13853,65.84562],[24.14901,65.83248],[24.15532,65.8155],[24.14512,65.80437],[23.89053,65.78223],[23.69141,65.82852],[23.59209,65.80532],[23.41836,65.80435],[23.22109,65.78613],[23.15459,65.7499],[23.10234,65.73535],[22.91934,65.78647],[22.74658,65.87095],[22.62031,65.80654],[22.53857,65.79434],[22.46514,65.85264],[22.40098,65.86211],[22.36631,65.84268],[22.33594,65.79116],[22.2876,65.75064],[22.275,65.725],[22.2666,65.62153],[22.254,65.59756],[22.08623,65.61094],[22.09629,65.58379],[22.13281,65.57012],[22.14756,65.55288],[22.08672,65.53023],[21.92012,65.53237],[21.90312,65.50835],[21.95,65.47036],[21.91348,65.43711],[21.87959,65.42402],[21.68066,65.40337],[21.56553,65.40811],[21.53262,65.38657],[21.52344,65.35859],[21.54521,65.33115],[21.596,65.31655],[21.61269,65.29912],[21.60918,65.26138],[21.56689,65.25454],[21.44687,65.32085],[21.41035,65.31743],[21.43779,65.28296],[21.50635,65.24536],[21.546,65.20698],[21.58066,65.16079],[21.57393,65.12578],[21.4249,65.01269],[21.29375,64.94126],[21.1959,64.8769],[21.13818,64.80869],[21.20498,64.77432],[21.2793,64.72471],[21.33154,64.62935],[21.39385,64.54434],[21.51963,64.46309],[21.49434,64.41611],[21.46504,64.37959],[21.25576,64.29917],[21.01846,64.17798],[20.7627,63.86782],[20.67764,63.82627],[20.45371,63.77373],[20.37139,63.7229],[20.20469,63.66245],[19.91367,63.61055],[19.78164,63.53818],[19.72207,63.46333],[19.65576,63.45801],[19.59004,63.48726],[19.50234,63.50903],[19.49092,63.46021],[19.49463,63.42437],[19.3543,63.47749],[19.28809,63.42876],[19.23633,63.34736],[19.03438,63.23774],[18.8167,63.25747],[18.79228,63.23813],[18.85019,63.22412],[18.85898,63.20659],[18.81943,63.19727],[18.75957,63.19824],[18.66719,63.17656],[18.60645,63.17827],[18.57764,63.12642],[18.53066,63.06352],[18.40771,63.0375],[18.34424,63.03213],[18.31289,62.99639],[18.50205,62.98887],[18.48691,62.95859],[18.48262,62.92832],[18.46309,62.89585],[18.24805,62.84907],[18.21494,62.81221],[18.17002,62.78936],[18.07441,62.79067],[18.07793,62.81196],[18.09355,62.83604],[17.95107,62.83389],[17.90664,62.88677],[17.87959,62.87319],[17.8956,62.83052],[17.93291,62.78613],[17.97441,62.72104],[17.94072,62.67988],[17.90303,62.65947],[17.93047,62.64062],[18.00654,62.62627],[18.0373,62.60054],[17.94707,62.57847],[17.83447,62.50273],[17.71777,62.50088],[17.64639,62.45088],[17.57061,62.45103],[17.50898,62.48252],[17.41025,62.5084],[17.37842,62.46279],[17.37334,62.42651],[17.429,62.33472],[17.53525,62.26367],[17.63369,62.23301],[17.56289,62.21231],[17.51016,62.16631],[17.44658,62.02266],[17.41201,61.96611],[17.37451,61.86631],[17.39824,61.78208],[17.41728,61.74067],[17.46543,61.68447],[17.33457,61.6917],[17.19639,61.72456],[17.21562,61.65635],[17.13076,61.57573],[17.14658,61.50464],[17.16426,61.4583],[17.13799,61.38169],[17.17793,61.35762],[17.19961,61.31196],[17.16387,61.27827],[17.17978,61.24927],[17.18574,61.14653],[17.21289,60.98584],[17.20293,60.95186],[17.27891,60.81216],[17.26123,60.76318],[17.25098,60.70078],[17.35986,60.64082],[17.45703,60.6418],[17.55547,60.64272],[17.59307,60.62769],[17.63076,60.58525],[17.66113,60.53516],[17.74219,60.53931],[17.87158,60.58008],[17.95576,60.5898],[18.01133,60.51143],[18.1625,60.40791],[18.25049,60.36152],[18.4,60.33711],[18.55752,60.25356],[18.53545,60.15288],[18.60117,60.11924],[18.78701,60.07949],[18.85273,60.02588],[18.88428,59.98018],[18.9332,59.94228],[18.99043,59.82778],[18.97051,59.75723],[18.8956,59.73296],[18.71875,59.65737],[18.63994,59.60093],[18.57812,59.56577],[18.40244,59.49038],[18.33809,59.47686],[18.27647,59.43765],[18.2169,59.42051],[18.16357,59.43037],[17.96426,59.35938],[17.8293,59.379],[17.77285,59.41411],[17.80859,59.55322],[17.78594,59.598],[17.76006,59.62051],[17.67158,59.59477],[17.6873,59.5416],[17.53447,59.5394],[17.39053,59.58447],[17.37207,59.49575],[17.0627,59.56924],[16.97754,59.55068],[16.84102,59.5875],[16.75234,59.54331],[16.64688,59.55928],[16.57383,59.61167],[16.47266,59.51938],[16.25176,59.49321],[16.04424,59.47847],[16.14434,59.44775],[16.61045,59.45352],[16.74228,59.43062],[16.91387,59.44585],[17.06563,59.37324],[17.17519,59.35581],[17.30459,59.27217],[17.3707,59.29492],[17.47451,59.2915],[17.57051,59.26763],[17.87617,59.2708],[17.97978,59.32905],[18.13262,59.31621],[18.21055,59.33145],[18.27051,59.36714],[18.33603,59.37534],[18.3958,59.3686],[18.45918,59.39673],[18.50889,59.40796],[18.56025,59.39448],[18.61758,59.32705],[18.49863,59.29194],[18.41426,59.29033],[18.37305,59.17974],[18.32197,59.13223],[18.28535,59.10938]],[[14.68643,58.39468],[14.82734,58.46152],[14.94619,58.51089],[14.9625,58.53926],[14.89141,58.59165],[14.89971,58.63496],[14.929,58.6999],[14.94092,58.75615],[14.93301,58.78389],[14.96211,58.8355],[14.96807,58.84883],[14.93213,58.8541],[14.8169,58.79111],[14.72568,58.73135],[14.63164,58.67983],[14.50664,58.56074],[14.39053,58.4063],[14.21318,58.15019],[14.12109,57.92451],[14.15928,57.79629],[14.24502,57.80947],[14.33926,57.9333],[14.49941,58.0855],[14.54346,58.13813],[14.58242,58.20166],[14.62246,58.29888],[14.68643,58.39468]],[[14.05625,59.01689],[14.07168,59.02827],[14.08301,59.06426],[14.09082,59.07939],[14.08945,59.09155],[14.08301,59.0999],[14.06582,59.09722],[14.03838,59.08267],[14.00498,59.06816],[13.97344,59.06577],[13.94541,59.06743],[13.93057,59.0898],[13.94629,59.11294],[13.99375,59.15723],[14.02734,59.2043],[14.04746,59.24121],[14.0543,59.26777],[14.05566,59.28999],[14.05176,59.30483],[14.04551,59.31362],[14.02803,59.32007],[13.99707,59.32905],[13.96172,59.33398],[13.9333,59.33047],[13.9043,59.32773],[13.86738,59.33457],[13.83008,59.34092],[13.80029,59.33706],[13.76602,59.33091],[13.75195,59.33115],[13.74395,59.34146],[13.73848,59.35947],[13.71973,59.37803],[13.67969,59.38975],[13.62832,59.38994],[13.54834,59.3813],[13.46113,59.36997],[13.37822,59.36406],[13.31572,59.36123],[13.27754,59.35732],[13.26113,59.35176],[13.25117,59.34497],[13.24893,59.33574],[13.25098,59.32451],[13.25166,59.31504],[13.2457,59.3103],[13.21787,59.31055],[13.19141,59.32461],[13.17314,59.34751],[13.15488,59.35293],[13.14268,59.34228],[13.13008,59.31904],[13.11816,59.29551],[13.10811,59.28384],[13.10303,59.27398],[13.10332,59.25459],[13.12314,59.19751],[13.17734,59.09692],[13.22109,58.99268],[13.24356,58.93047],[13.23574,58.90508],[13.19512,58.89858],[13.15977,58.90508],[13.12207,58.92085],[13.08809,58.94663],[13.06172,58.97734],[13.04063,59.01426],[12.94531,59.04766],[12.86856,59.07266],[12.81836,59.08198],[12.78408,59.07622],[12.7459,59.06484],[12.7084,59.03555],[12.67578,58.98667],[12.64687,58.93149],[12.61836,58.88691],[12.59971,58.8456],[12.57578,58.82573],[12.55713,58.81894],[12.53525,58.83208],[12.52637,58.8456],[12.51992,58.86738],[12.51025,58.90122],[12.49727,58.92002],[12.48193,58.93062],[12.46856,58.93486],[12.46396,58.9207],[12.47178,58.8769],[12.47383,58.8397],[12.45898,58.81743],[12.43213,58.8125],[12.42549,58.80147],[12.44756,58.78276],[12.47129,58.78276],[12.49971,58.76445],[12.50088,58.72754],[12.50371,58.69458],[12.5252,58.66123],[12.56279,58.65019],[12.61133,58.64131],[12.60693,58.61709],[12.4877,58.51323],[12.3293,58.43394],[12.31328,58.39531],[12.33467,58.37378],[12.375,58.38286],[12.50703,58.39692],[12.5543,58.42983],[12.57109,58.43218],[12.57266,58.41919],[12.5543,58.39438],[12.55059,58.37886],[12.56191,58.37319],[12.57959,58.37212],[12.60195,58.37598],[12.62432,58.38232],[12.64971,58.39688],[12.6792,58.42051],[12.72754,58.4521],[12.79834,58.48569],[12.86865,58.50381],[12.91279,58.54575],[12.95215,58.57163],[13.04063,58.6043],[13.11514,58.60825],[13.14824,58.59717],[13.14893,58.57339],[13.14941,58.55855],[13.13652,58.54131],[13.14756,58.52144],[13.17217,58.51187],[13.19463,58.51099],[13.24023,58.51484],[13.30029,58.56143],[13.35811,58.61709],[13.43662,58.64199],[13.51728,58.66328],[13.63105,58.68413],[13.7373,58.70386],[13.79951,58.72241],[13.82988,58.74434],[13.85928,58.77217],[13.89014,58.80049],[13.92412,58.82339],[13.9541,58.84365],[13.97519,58.86543],[13.98721,58.89814],[13.99521,58.94482],[13.99258,58.98643],[14.01211,59.00366],[14.03867,59.0044],[14.0499,59.01221],[14.05625,59.01689]],[[15.81582,59.14893],[15.88096,59.16235],[15.89219,59.17598],[15.921,59.19399],[16.13047,59.23989],[16.31016,59.27461],[16.35596,59.2876],[16.40605,59.30547],[16.40381,59.30869],[16.33379,59.30327],[16.2706,59.29961],[16.1874,59.28765],[15.99023,59.28638],[15.85693,59.30376],[15.82158,59.29512],[15.72773,59.29819],[15.61309,59.31665],[15.49961,59.30171],[15.35352,59.28325],[15.34404,59.26953],[15.48066,59.26123],[15.51963,59.25513],[15.54512,59.24575],[15.58955,59.22481],[15.62041,59.19194],[15.62412,59.16743],[15.70127,59.15064],[15.81582,59.14893]],[[11.77793,62.05244],[11.74229,62.00845],[11.75273,61.92881],[11.79678,61.93931],[11.77793,62.05244]],[[11.88506,62.08862],[11.9001,62.1436],[11.92891,62.20513],[11.95,62.30972],[11.9665,62.40664],[11.92246,62.42129],[11.89219,62.39956],[11.89326,62.29985],[11.84551,62.21187],[11.76611,62.15352],[11.73603,62.13838],[11.72129,62.10273],[11.84287,62.04614],[11.88271,61.93091],[11.92666,61.93091],[11.90215,62.02612],[11.88506,62.08862]],[[14.61182,63.20503],[14.51016,63.26523],[14.4457,63.26357],[14.39365,63.26157],[14.21982,63.30464],[14.06348,63.32524],[14.02588,63.31885],[14.054,63.29585],[14.08447,63.25869],[14.08252,63.24204],[14.06133,63.23569],[14.00469,63.25923],[13.97188,63.2627],[13.98115,63.24595],[14.05703,63.19414],[14.11377,63.17847],[14.20752,63.1521],[14.35723,63.08711],[14.39844,63.02778],[14.42979,62.97988],[14.41299,62.95405],[14.38965,62.95347],[14.36816,62.95635],[14.34102,62.95303],[14.34531,62.9251],[14.38984,62.87446],[14.42695,62.82622],[14.44443,62.82729],[14.46055,62.83618],[14.47373,62.88711],[14.46875,62.95239],[14.44365,63.02778],[14.42217,63.08975],[14.42734,63.12656],[14.45488,63.15332],[14.5044,63.16484],[14.56914,63.1624],[14.67148,63.13921],[14.61182,63.20503]],[[13.16006,63.6896],[13.27637,63.68643],[13.29951,63.69541],[13.27344,63.71079],[13.20918,63.72436],[13.1165,63.72559],[13.0124,63.71196],[12.92988,63.68569],[12.89932,63.65244],[12.93623,63.6001],[13.01006,63.54419],[13.11309,63.49722],[13.17939,63.47104],[13.24258,63.45151],[13.33486,63.42725],[13.3582,63.45059],[13.21299,63.48618],[13.11914,63.55435],[13.09717,63.60781],[13.08535,63.65029],[13.10977,63.67075],[13.16006,63.6896]],[[15.39014,63.92617],[15.2626,63.96099],[15.30322,63.93198],[15.51992,63.85],[15.53574,63.79834],[15.5419,63.76001],[15.57647,63.78354],[15.64189,63.80815],[15.75537,63.75771],[15.82373,63.75415],[15.74463,63.82969],[15.57822,63.86773],[15.4709,63.96675],[15.39541,64.01865],[15.39404,64.05054],[15.41895,64.07544],[15.32207,64.16299],[15.26133,64.2624],[15.20986,64.32178],[15.11143,64.34087],[15.04844,64.33818],[15.01328,64.33442],[14.99111,64.33584],[14.93984,64.34409],[14.85088,64.34707],[14.66416,64.38291],[14.49258,64.41724],[14.35566,64.42021],[14.19473,64.4812],[14.09648,64.55742],[13.80234,64.65977],[13.70977,64.63555],[13.96113,64.56279],[14.09346,64.5187],[14.19199,64.44658],[14.32773,64.38843],[15.03672,64.28457],[15.12539,64.24531],[15.23984,64.15708],[15.31924,64.11006],[15.31641,64.03115],[15.37646,63.99731],[15.41904,63.95884],[15.41738,63.93892],[15.39014,63.92617]],[[13.28984,64.73828],[13.19785,64.68447],[13.23359,64.67085],[13.36797,64.69287],[13.59951,64.67524],[13.63477,64.68623],[13.52715,64.72681],[13.39893,64.7855],[13.28984,64.73828]],[[18.50859,65.65952],[18.42422,65.70015],[18.38076,65.72998],[18.36992,65.75205],[18.28603,65.77622],[18.13965,65.77769],[18.03086,65.85723],[18.00088,65.88198],[17.96426,65.91226],[17.94815,65.93418],[17.94922,65.95874],[17.94522,65.99736],[17.96426,66.04829],[18.00947,66.05112],[17.96797,66.1062],[17.83525,66.15513],[17.77656,66.18745],[17.67598,66.20083],[17.6207,66.19341],[17.61494,66.16802],[17.72324,66.11523],[17.7331,66.0834],[17.67227,66.06728],[17.59531,66.08477],[17.54736,66.10825],[17.47129,66.11265],[17.39512,66.10044],[17.34609,66.08008],[17.35996,66.04658],[17.40078,66.05122],[17.45967,66.06616],[17.5168,66.04956],[17.54648,66.01152],[17.57685,66.00454],[17.59121,66.01387],[17.63672,66.01157],[17.72002,65.97881],[17.73623,65.94873],[17.70361,65.93101],[17.69072,65.90493],[17.69277,65.87524],[17.74043,65.85737],[17.81494,65.86592],[17.88223,65.8896],[17.92617,65.88008],[17.95547,65.86401],[17.96729,65.85229],[18.03574,65.77368],[18.071,65.71479],[18.08281,65.64858],[18.09326,65.62891],[18.13144,65.61602],[18.16094,65.62119],[18.15107,65.64404],[18.17315,65.66353],[18.25527,65.67676],[18.37813,65.64751],[18.50859,65.65952]],[[17.22021,67.68677],[17.2457,67.67373],[17.33945,67.65405],[17.47519,67.64443],[17.57529,67.62017],[17.63164,67.61216],[17.83828,67.58599],[18.18398,67.47803],[18.42793,67.41909],[18.3958,67.46196],[18.20312,67.53291],[18.11602,67.56094],[17.43525,67.71401],[17.30254,67.75312],[17.13076,67.79248],[17.1543,67.7355],[17.22021,67.68677]],[[28.16924,57.9145],[28.14922,57.97466],[28.09697,58.04443],[27.97305,58.13262],[27.86514,58.17349],[27.71436,58.16426],[27.5918,58.17461],[27.56855,58.2148],[27.56133,58.25742],[27.58272,58.3064],[27.74785,58.42993],[27.79815,58.44683],[27.82051,58.48491],[27.81367,58.57134],[27.74844,58.91206],[27.68301,58.97964],[27.52373,59.00693],[27.29815,58.99492],[27.10732,58.9542],[26.97412,58.88428],[26.96641,58.80557],[27.15674,58.64795],[27.23662,58.45225],[27.32393,58.4019],[27.42549,58.30308],[27.47266,58.21675],[27.49707,58.18413],[27.62383,58.01426],[27.67832,58.01851],[27.80273,57.99023],[27.88164,57.93701],[27.87539,57.92041],[27.91094,57.89575],[27.99209,57.86812],[28.10176,57.85996],[28.16924,57.9145]],[[25.94092,58.34497],[25.92793,58.30513],[26.00371,58.21948],[26.05098,58.14585],[26.08477,58.14346],[26.11025,58.20981],[26.14062,58.2688],[26.14277,58.32734],[26.12148,58.37368],[26.07744,58.39116],[26.01904,58.39624],[25.96611,58.38164],[25.94092,58.34497]],[[31.07998,58.33159],[31.01943,58.31973],[30.95488,58.28437],[30.85703,58.23911],[30.87617,58.21411],[31.15625,58.17134],[31.39404,58.14199],[31.44648,58.20591],[31.53096,58.23018],[31.63057,58.20728],[31.68828,58.20229],[31.64697,58.3084],[31.6457,58.35142],[31.65342,58.36875],[31.63711,58.38799],[31.51816,58.37256],[31.51074,58.38887],[31.43018,58.41655],[31.37432,58.42925],[31.29834,58.47656],[31.25166,58.42544],[31.17021,58.35947],[31.07998,58.33159]],[[30.0793,61.24263],[30.0291,61.25449],[29.94941,61.2894],[29.89131,61.29497],[29.85508,61.27124],[29.86455,61.25098],[29.86016,61.23931],[29.83672,61.22607],[29.825,61.21558],[29.85723,61.18799],[30.1249,61.08735],[30.29268,61.00513],[30.40869,60.92803],[30.43584,60.90269],[30.44121,60.87363],[30.45586,60.86001],[30.50205,60.84321],[30.52793,60.81172],[30.5332,60.76553],[30.52539,60.73887],[30.50449,60.73164],[30.504,60.70356],[30.52393,60.65459],[30.53389,60.63008],[30.66328,60.59282],[30.72373,60.56177],[30.75859,60.52451],[30.77422,60.49209],[30.77598,60.4481],[30.80332,60.44663],[30.81689,60.45884],[30.83213,60.45752],[30.84912,60.44263],[30.95684,60.26362],[31.01894,60.19292],[31.10898,60.14644],[31.11494,60.13486],[31.09512,60.08374],[31.10596,60.0563],[31.14287,60.03169],[31.14531,60.00552],[31.06318,59.96289],[31.04277,59.95098],[31.06396,59.94321],[31.10625,59.92769],[31.17637,59.92578],[31.27441,59.93765],[31.34932,59.93276],[31.40137,59.91133],[31.45479,59.90718],[31.50977,59.92036],[31.54717,59.94014],[31.56719,59.96655],[31.56504,59.99805],[31.54092,60.03452],[31.54824,60.07187],[31.60645,60.13364],[31.60586,60.14229],[31.59688,60.1438],[31.59062,60.15557],[31.59893,60.16963],[31.69941,60.23564],[31.84326,60.24785],[32.05713,60.22651],[32.19609,60.19536],[32.26016,60.15435],[32.36152,60.1481],[32.50039,60.17651],[32.58389,60.20894],[32.6123,60.24536],[32.61436,60.28579],[32.59023,60.33022],[32.59492,60.35459],[32.65586,60.37168],[32.67666,60.39243],[32.66396,60.4271],[32.61787,60.47559],[32.59648,60.51108],[32.5999,60.5335],[32.6417,60.53686],[32.72207,60.52114],[32.78184,60.48823],[32.81572,60.48188],[32.84141,60.49702],[32.90693,60.58594],[32.94434,60.64258],[32.93652,60.67031],[32.90303,60.69351],[32.84356,60.71221],[32.81191,60.75649],[32.80781,60.82637],[32.76543,60.88603],[32.64072,60.96914],[32.6334,60.98672],[32.59258,60.99761],[32.58057,61.01387],[32.58125,61.04487],[32.56338,61.07944],[32.52685,61.11753],[32.35957,61.18052],[31.89863,61.32397],[31.8707,61.34736],[31.76231,61.38369],[31.69785,61.41548],[31.63691,61.46274],[31.62041,61.46108],[31.6165,61.44248],[31.61973,61.42695],[31.60361,61.42256],[31.57578,61.43721],[31.5332,61.49736],[31.48613,61.55083],[31.36484,61.62744],[31.33408,61.62744],[31.32783,61.61665],[31.30811,61.60503],[31.28594,61.61523],[31.25752,61.64106],[31.23818,61.64302],[31.17227,61.62978],[31.16064,61.6187],[31.09844,61.62036],[31.07109,61.64512],[31.05674,61.68921],[31.02588,61.71435],[30.90566,61.74224],[30.8959,61.75444],[30.88818,61.76479],[30.85195,61.77505],[30.75752,61.73345],[30.59434,61.60581],[30.59336,61.57949],[30.6167,61.5603],[30.60586,61.54131],[30.55078,61.53545],[30.5127,61.52519],[30.48633,61.51494],[30.48066,61.49004],[30.46621,61.48716],[30.28516,61.5166],[30.23877,61.51484],[30.23486,61.49263],[30.25156,61.47266],[30.25205,61.45864],[30.2373,61.44634],[30.2169,61.43135],[30.20996,61.41797],[30.20088,61.38896],[30.1793,61.37266],[30.18262,61.36108],[30.196,61.3478],[30.19297,61.32725],[30.17393,61.31406],[30.12998,61.3126],[30.09004,61.29927],[30.08945,61.27056],[30.09414,61.25854],[30.0793,61.24263]],[[36.37363,61.27114],[36.38008,61.28096],[36.38271,61.28501],[36.39561,61.3021],[36.4084,61.31914],[36.4249,61.34912],[36.42793,61.37315],[36.41895,61.39238],[36.40557,61.41074],[36.37148,61.43232],[36.31201,61.45947],[36.24727,61.49326],[36.2002,61.5312],[36.15908,61.57148],[36.10869,61.61108],[36.06065,61.6544],[36.02559,61.70361],[35.98545,61.75586],[35.92559,61.8064],[35.8707,61.85483],[35.84297,61.9019],[35.81836,61.95107],[35.74951,61.99907],[35.68935,62.04023],[35.67441,62.07939],[35.73018,62.13916],[35.76426,62.20518],[35.80039,62.28144],[35.82266,62.3522],[35.82187,62.41177],[35.80293,62.46113],[35.77119,62.4959],[35.73984,62.52022],[35.69805,62.5376],[35.64121,62.55557],[35.58457,62.57603],[35.54355,62.59936],[35.51943,62.61729],[35.50371,62.62471],[35.49502,62.61919],[35.4876,62.60591],[35.46387,62.6042],[35.41572,62.62671],[35.32598,62.66616],[35.20195,62.70527],[35.08301,62.74116],[35.00576,62.773],[34.95811,62.79741],[34.91045,62.81543],[34.85488,62.82563],[34.78789,62.8311],[34.70332,62.84424],[34.60537,62.87275],[34.53252,62.91572],[34.48945,62.90361],[34.47959,62.87383],[34.53555,62.81846],[34.58311,62.75566],[34.62109,62.71235],[34.6582,62.67993],[34.70371,62.64341],[34.73926,62.62129],[34.77607,62.62231],[34.83857,62.59116],[34.86797,62.61055],[34.94336,62.64282],[34.96699,62.63896],[35.02373,62.61333],[35.09297,62.58047],[35.14717,62.55918],[35.20137,62.54966],[35.2709,62.54541],[35.35176,62.52266],[35.4331,62.4686],[35.49834,62.40356],[35.54023,62.35425],[35.55859,62.31875],[35.56719,62.28711],[35.56387,62.26016],[35.55352,62.23594],[35.51826,62.2105],[35.45498,62.18071],[35.38721,62.15781],[35.34131,62.14902],[35.28398,62.16157],[35.18838,62.19023],[35.0959,62.21807],[35.0459,62.22876],[35.05176,62.21157],[35.09375,62.17222],[35.14355,62.12725],[35.16777,62.09668],[35.16504,62.08066],[35.14961,62.071],[35.11455,62.05361],[35.0749,62.05361],[35.02861,62.07793],[34.97568,62.11763],[34.92803,62.15967],[34.89248,62.18706],[34.8708,62.21939],[34.85928,62.2604],[34.85195,62.29443],[34.84053,62.31006],[34.81055,62.33232],[34.7585,62.38257],[34.6959,62.44268],[34.64062,62.48906],[34.59531,62.51909],[34.55664,62.53989],[34.53203,62.54629],[34.52022,62.54165],[34.52695,62.52358],[34.54697,62.49775],[34.59219,62.45796],[34.65957,62.4063],[34.69561,62.36455],[34.68154,62.33882],[34.6332,62.34834],[34.60898,62.33882],[34.61484,62.30435],[34.6581,62.24522],[34.64697,62.21265],[34.63242,62.18193],[34.64404,62.13613],[34.65322,62.10854],[34.63564,62.09502],[34.59141,62.09648],[34.51416,62.11958],[34.41699,62.1582],[34.34287,62.19893],[34.32119,62.227],[34.32949,62.2457],[34.32754,62.26396],[34.2916,62.29727],[34.21768,62.35229],[34.13691,62.41401],[34.08418,62.46348],[34.05391,62.49453],[34.02715,62.51182],[34.00293,62.51606],[33.97871,62.51587],[33.95859,62.50996],[33.94404,62.50049],[33.94062,62.48159],[33.94727,62.45298],[33.96182,62.4251],[33.97754,62.40801],[34.00332,62.40078],[34.04238,62.39653],[34.09834,62.37886],[34.16494,62.33916],[34.22256,62.2937],[34.25654,62.2623],[34.26543,62.23823],[34.26211,62.2105],[34.25518,62.18569],[34.25518,62.16855],[34.29404,62.1415],[34.38096,62.09263],[34.47676,62.03852],[34.53731,61.99898],[34.56631,61.9689],[34.58594,61.93784],[34.59375,61.90601],[34.59434,61.87402],[34.58291,61.84604],[34.5624,61.82383],[34.53125,61.81157],[34.49443,61.80762],[34.44531,61.81875],[34.38467,61.84302],[34.33564,61.8644],[34.31455,61.8687],[34.32266,61.85449],[34.34453,61.8312],[34.38799,61.79614],[34.44824,61.75332],[34.53144,61.70435],[34.62998,61.6544],[34.77246,61.60088],[34.96162,61.54341],[35.15391,61.48516],[35.30391,61.42959],[35.39844,61.38584],[35.45742,61.35591],[35.49463,61.32896],[35.53691,61.29224],[35.57773,61.24639],[35.61143,61.19741],[35.6294,61.14995],[35.63223,61.10781],[35.61465,61.07612],[35.5834,61.03423],[35.52734,61.0228],[35.44062,61.06265],[35.34531,61.07256],[35.25928,61.06655],[35.19209,61.06894],[35.14199,61.07729],[35.10811,61.0916],[35.07998,61.10835],[35.06201,61.12564],[35.05264,61.14111],[35.07773,61.15132],[35.14316,61.15581],[35.20772,61.15879],[35.23105,61.16523],[35.20693,61.17725],[35.15664,61.19365],[35.07471,61.20708],[34.97422,61.21196],[34.8873,61.2061],[34.83809,61.19365],[34.81875,61.17363],[34.804,61.14956],[34.79668,61.1228],[34.79551,61.09648],[34.80244,61.07353],[34.81494,61.05503],[34.82852,61.03862],[34.84639,61.02666],[34.86904,61.027],[34.89629,61.04688],[34.94248,61.07041],[35.02236,61.06445],[35.09287,61.04468],[35.1168,61.02222],[35.13291,61.00708],[35.18447,61.00488],[35.25488,61.0146],[35.31611,61.02808],[35.36328,61.03823],[35.39961,61.03989],[35.42617,61.03315],[35.4498,61.023],[35.47334,61.00215],[35.49941,60.96982],[35.55059,60.93799],[35.63457,60.91846],[35.71904,60.90454],[35.77158,60.88643],[35.80078,60.87183],[35.82871,60.8665],[35.85508,60.87051],[35.88027,60.87832],[35.89902,60.88979],[35.90986,60.90249],[35.90449,60.91655],[35.88418,60.9311],[35.88027,60.94775],[35.91484,60.96685],[35.97627,60.9939],[36.03682,61.02969],[36.09873,61.06265],[36.16279,61.08276],[36.22412,61.09648],[36.2793,61.11382],[36.325,61.1355],[36.36387,61.15972],[36.38691,61.18408],[36.39463,61.20615],[36.38848,61.22505],[36.37812,61.24189],[36.37119,61.25684],[36.37363,61.27114]],[[30.93887,61.92144],[31.01982,61.92876],[31.05264,61.97012],[30.97119,62.06499],[30.92559,62.08291],[30.84961,62.08286],[30.85273,62.04878],[30.86846,62.00947],[30.86816,61.97398],[30.88525,61.94067],[30.93887,61.92144]],[[36.84707,62.45894],[36.81299,62.43027],[36.80205,62.36387],[36.78428,62.29126],[36.76797,62.2604],[36.77598,62.23882],[36.82705,62.2229],[36.86738,62.1981],[36.89834,62.17935],[36.98301,62.21118],[37.02549,62.26172],[37.01162,62.29546],[37.03486,62.36841],[37.01533,62.42793],[36.90869,62.46626],[36.84707,62.45894]],[[34.06602,63.22876],[33.99121,63.29683],[33.93281,63.41812],[33.84707,63.43848],[33.69687,63.40928],[33.65664,63.4332],[33.63711,63.47627],[33.58623,63.4874],[33.44141,63.44375],[33.35527,63.42397],[33.25742,63.42344],[33.28291,63.38169],[33.27383,63.34136],[33.27383,63.31636],[33.30684,63.28369],[33.49922,63.21626],[33.57217,63.20269],[33.70332,63.19019],[33.89688,63.18857],[34.01709,63.20068],[34.06602,63.22876]],[[35.09941,63.38311],[35.17236,63.38052],[35.19277,63.40396],[35.38174,63.43408],[35.41318,63.44795],[35.37363,63.49229],[35.24922,63.49175],[35.14463,63.48232],[35.01279,63.50557],[34.95254,63.54023],[34.98408,63.56411],[34.98955,63.58511],[34.86143,63.68818],[34.85674,63.72085],[34.61582,63.76621],[34.64404,63.78916],[34.5626,63.81636],[34.42842,63.84824],[34.34727,63.85117],[34.28437,63.777],[34.21435,63.67603],[34.21543,63.61304],[34.26641,63.6562],[34.30781,63.6919],[34.35811,63.69668],[34.45332,63.62339],[34.52539,63.50244],[34.5168,63.48394],[34.55215,63.45898],[34.70195,63.39883],[34.804,63.32563],[34.83535,63.27637],[34.85293,63.22524],[34.8585,63.17231],[34.89072,63.10654],[34.89863,63.05469],[34.87344,63.04033],[34.86397,63.0104],[34.86748,62.97607],[34.86104,62.94116],[34.86309,62.91904],[34.91045,62.95083],[34.9459,63.03325],[34.95732,63.11899],[34.95303,63.18106],[34.88506,63.2939],[34.82881,63.43369],[34.87158,63.46377],[34.97686,63.4291],[35.04941,63.39888],[35.09941,63.38311]],[[31.1668,63.81479],[31.02275,63.83579],[30.8957,63.86787],[30.88164,63.88652],[30.87275,63.90283],[30.83252,63.91758],[30.79707,63.92227],[30.79502,63.879],[30.76846,63.83359],[30.72715,63.82529],[30.74883,63.80464],[30.88272,63.7897],[30.91631,63.76733],[30.91914,63.73794],[30.91211,63.70811],[30.94912,63.68276],[30.99902,63.66768],[31.06768,63.64004],[31.12861,63.61304],[31.14385,63.62915],[31.12197,63.65435],[31.11387,63.68101],[31.13428,63.69775],[31.13789,63.70898],[31.121,63.7334],[31.0877,63.75444],[31.08027,63.78008],[31.0998,63.79023],[31.14043,63.78262],[31.16953,63.77124],[31.19102,63.775],[31.19941,63.78618],[31.1668,63.81479]],[[31.7834,64.52417],[31.79004,64.49541],[31.74268,64.47729],[31.64766,64.47476],[31.59424,64.47656],[31.47275,64.48169],[31.36973,64.50049],[31.3457,64.46528],[31.54531,64.43516],[31.87324,64.41602],[32.00215,64.40503],[32.04395,64.45967],[32.01455,64.49468],[31.89805,64.5147],[31.82109,64.55288],[31.76455,64.55747],[31.7834,64.52417]],[[31.3456,65.18115],[30.97432,65.18281],[30.92988,65.15718],[30.90293,65.12178],[30.80352,65.10464],[30.6459,65.07383],[30.4669,65.12402],[30.39746,65.15874],[30.36191,65.14888],[30.40371,65.11245],[30.5331,65.06348],[30.70908,65.0209],[30.7209,64.99473],[30.60586,64.9772],[30.55566,64.94956],[30.54043,64.93149],[30.66113,64.93965],[30.74268,64.9436],[30.81387,64.98232],[30.83945,65.04312],[30.90605,65.07398],[30.98555,65.08237],[31.01934,65.09219],[31.12949,65.07773],[31.18086,65.07808],[31.19141,65.10195],[31.24561,65.11655],[31.37334,65.11567],[31.48184,65.09619],[31.51016,65.0666],[31.50967,65.03975],[31.54541,65.00254],[31.66387,64.94468],[31.75215,64.93462],[31.90547,64.87978],[31.95459,64.86372],[31.94209,64.89692],[31.8291,64.95981],[31.66074,65.03164],[31.62813,65.0648],[31.61563,65.11167],[31.57646,65.1374],[31.3456,65.18115]],[[32.48125,65.46909],[32.63477,65.41816],[32.66816,65.38872],[32.70635,65.38838],[32.71231,65.41597],[32.6875,65.45195],[32.66416,65.47739],[32.51738,65.53232],[32.4252,65.54185],[32.37705,65.57744],[32.36348,65.62856],[32.35996,65.66704],[32.32852,65.70049],[32.20449,65.76362],[32.13945,65.78389],[32.11846,65.83355],[32.05147,65.87588],[31.9833,65.8896],[31.69297,65.85635],[31.50742,65.79546],[31.57363,65.73491],[31.7334,65.67007],[31.84512,65.6437],[31.89482,65.63608],[31.94268,65.62153],[31.9457,65.59868],[31.99629,65.5686],[32.10898,65.546],[32.27354,65.50571],[32.48125,65.46909]],[[32.9459,65.79394],[33.07207,65.83271],[33.07559,65.85195],[33.08105,65.8794],[33.08652,65.90937],[33.05508,65.92988],[32.97441,65.9396],[32.93115,65.95723],[32.91045,65.97476],[32.87051,65.98335],[32.86309,65.99756],[32.89121,66.0231],[32.89785,66.04302],[32.83564,66.04355],[32.81113,66.03311],[32.79648,66.00718],[32.75059,65.97451],[32.74522,65.9478],[32.79492,65.92925],[32.8376,65.9125],[32.84873,65.89351],[32.84209,65.87646],[32.77813,65.85806],[32.70361,65.83047],[32.73438,65.80542],[32.73594,65.78682],[32.74277,65.76934],[32.79951,65.76245],[32.9459,65.79394]],[[30.65147,66.05176],[30.95029,65.96445],[31.15508,65.91421],[31.29463,65.90503],[31.33486,65.91826],[31.27656,65.95527],[31.23975,66.0044],[31.21113,66.05947],[31.16973,66.10659],[31.17441,66.13784],[31.10332,66.24536],[31.0332,66.26958],[30.89863,66.26289],[30.78867,66.22993],[30.72236,66.18628],[30.70361,66.13477],[30.65147,66.05176]],[[32.35488,66.42534],[32.39004,66.4375],[32.39746,66.44517],[32.38086,66.45366],[32.36582,66.45801],[32.32461,66.46592],[32.304,66.48091],[32.3,66.48618],[32.31533,66.50186],[32.30596,66.5251],[32.2416,66.56587],[32.22022,66.60142],[32.25508,66.62417],[32.31094,66.65181],[32.33897,66.67407],[32.32852,66.68989],[32.31016,66.7064],[32.24902,66.73081],[32.19648,66.74502],[32.17969,66.76148],[32.20293,66.77939],[32.23867,66.81558],[32.21777,66.83521],[32.08701,66.84487],[31.94815,66.84053],[31.86055,66.88574],[31.7457,66.91211],[31.68027,66.88481],[31.70107,66.87251],[31.76543,66.8584],[31.76367,66.83769],[31.70781,66.8231],[31.62109,66.82241],[31.60859,66.81328],[31.57559,66.79902],[31.5542,66.78311],[31.56133,66.76885],[31.57676,66.75796],[31.73555,66.7502],[31.90098,66.74072],[31.96318,66.70029],[32.02754,66.63408],[32.11943,66.56392],[32.13457,66.53833],[32.10723,66.51948],[31.98271,66.49912],[31.97832,66.49033],[31.99141,66.47148],[32.12012,66.47061],[32.22393,66.45347],[32.35488,66.42534]],[[32.3417,67.48716],[32.21592,67.53916],[32.07061,67.54346],[31.94434,67.54419],[31.89863,67.51226],[32.12461,67.43447],[32.246,67.41475],[32.34199,67.44248],[32.40566,67.45727],[32.3417,67.48716]],[[34.53418,67.5523],[34.58232,67.59277],[34.55137,67.64453],[34.44902,67.73364],[34.36328,67.80454],[34.33486,67.8581],[34.28018,67.88701],[34.21621,67.88213],[34.19356,67.87095],[34.21797,67.83643],[34.24795,67.79341],[34.23672,67.77144],[34.25449,67.7498],[34.30107,67.72412],[34.31865,67.70103],[34.31455,67.65508],[34.31279,67.60015],[34.31699,67.57158],[34.31836,67.54487],[34.40859,67.54307],[34.53418,67.5523]],[[35.1377,67.92617],[35.15762,67.90645],[35.12891,67.87466],[35.05547,67.82715],[34.99512,67.80127],[35.07998,67.70698],[35.12647,67.75112],[35.13555,67.78193],[35.15898,67.8106],[35.22187,67.84487],[35.26035,67.88027],[35.25566,67.92349],[35.24326,67.95586],[35.29697,68.00562],[35.29062,68.07793],[35.24668,68.0999],[35.22148,68.05903],[35.09941,67.97905],[35.0915,67.94033],[35.1377,67.92617]],[[38.36924,58.03159],[38.41533,58.01558],[38.43711,58.01753],[38.43691,58.03565],[38.35703,58.1001],[38.38311,58.12188],[38.61172,58.11313],[38.68096,58.1082],[38.704,58.11313],[38.69795,58.13296],[38.61924,58.20127],[38.63828,58.22031],[38.6917,58.20703],[38.77949,58.13477],[38.80518,58.12197],[38.81875,58.13481],[38.81211,58.25073],[38.83047,58.29556],[38.8709,58.33105],[39.00527,58.35806],[39.00039,58.38677],[38.97031,58.44082],[39.00371,58.47563],[38.98926,58.4956],[38.75283,58.54692],[38.60996,58.63657],[38.42734,58.74702],[38.11943,58.95459],[38.04697,58.99419],[37.91992,59.04209],[37.85771,59.07515],[37.86641,59.09409],[37.91016,59.10273],[38.17051,59.06504],[38.23945,59.06269],[38.33154,59.09258],[38.40732,59.1523],[38.41465,59.17344],[38.29404,59.16133],[38.18291,59.20308],[38.14326,59.20977],[38.12402,59.20288],[38.17637,59.14824],[38.18047,59.13213],[38.17969,59.11333],[38.15937,59.10156],[38.11621,59.10259],[38.02725,59.12808],[38.00742,59.14375],[38.00156,59.15977],[37.9873,59.17676],[37.94004,59.17407],[37.84287,59.15527],[37.64492,59.15679],[37.64004,59.1377],[37.67627,59.10234],[37.69561,59.06397],[37.67324,59.02519],[37.60889,58.98897],[37.49912,58.94419],[37.48438,58.9272],[37.46582,58.87456],[37.47129,58.85708],[37.50137,58.84477],[37.58125,58.89883],[37.64238,58.9189],[37.71367,58.92773],[37.77725,58.92622],[37.82832,58.91406],[37.86943,58.89707],[37.91758,58.85825],[37.9959,58.86167],[38.02393,58.7459],[37.96133,58.7436],[37.9417,58.7355],[37.94531,58.72031],[37.98418,58.69238],[37.9877,58.67222],[38.09551,58.63447],[38.10312,58.61948],[38.07383,58.59155],[38.07393,58.54194],[37.99492,58.55044],[37.76777,58.61763],[37.71484,58.61753],[37.63232,58.63623],[37.6209,58.62622],[37.6666,58.57246],[37.66113,58.55747],[37.60869,58.54531],[37.56465,58.55283],[37.53769,58.6127],[37.45918,58.63394],[37.41035,58.66997],[37.41035,58.68906],[37.42285,58.72656],[37.37227,58.73145],[37.30791,58.76001],[37.15078,58.84873],[37.16924,58.72563],[37.15459,58.70654],[37.15527,58.69497],[37.3168,58.65742],[37.41689,58.61309],[37.50713,58.53535],[37.89717,58.2918],[37.94404,58.30088],[38.14873,58.24863],[38.22051,58.2373],[38.25098,58.19873],[38.24961,58.10269],[38.25918,58.0709],[38.28106,58.05386],[38.31016,58.04058],[38.36924,58.03159]],[[39.74424,59.60972],[39.77978,59.63779],[39.70713,59.63379],[39.58174,59.66519],[39.51094,59.70718],[39.45371,59.71143],[39.34844,59.76553],[39.30547,59.77358],[39.26699,59.78252],[39.22959,59.79443],[39.19199,59.80933],[39.13887,59.84165],[39.09336,59.86934],[39.05352,59.86846],[39.05254,59.83872],[39.19394,59.74688],[39.40215,59.62427],[39.55254,59.54595],[39.73438,59.47983],[39.79814,59.52519],[39.76406,59.54595],[39.72148,59.57827],[39.74424,59.60972]],[[38.0042,60.16065],[37.98115,60.23921],[37.89844,60.30078],[37.73701,60.32944],[37.54219,60.3187],[37.3999,60.28887],[37.28633,60.23345],[37.23105,60.18574],[37.23203,60.16445],[37.27988,60.1312],[37.39668,60.098],[37.46904,60.08784],[37.71504,60.07744],[37.82324,60.07871],[37.96836,60.08574],[37.99902,60.10332],[38.0042,60.16065]],[[39.18506,60.61694],[39.17266,60.67974],[39.08516,60.71816],[38.93769,60.76709],[38.86582,60.77734],[38.84434,60.73433],[38.88984,60.66406],[38.89199,60.58491],[38.90898,60.58594],[38.9585,60.59458],[39.0083,60.57334],[39.05449,60.5229],[39.06894,60.47461],[39.0415,60.43784],[39.02783,60.41079],[39.03125,60.39531],[39.0957,60.39448],[39.15029,60.44248],[39.1876,60.49609],[39.18506,60.61694]],[[38.8749,61.28901],[38.85762,61.32314],[38.88418,61.38115],[38.9167,61.44473],[38.89414,61.46694],[38.79727,61.45244],[38.7082,61.42104],[38.67471,61.3896],[38.65059,61.34443],[38.64746,61.27339],[38.66318,61.2165],[38.69707,61.19853],[38.76133,61.19546],[38.83652,61.20664],[38.88564,61.22876],[38.89492,61.25483],[38.8749,61.28901]]],[[[8.16396,56.60688],[8.23174,56.61807],[8.28144,56.6167],[8.47315,56.56543],[8.55293,56.5603],[8.60762,56.5145],[8.67168,56.49565],[8.71807,56.54429],[8.73613,56.62744],[8.88809,56.73506],[8.99453,56.77481],[9.06709,56.79385],[9.14033,56.75044],[9.19639,56.70166],[9.20967,56.8084],[9.25488,57.01172],[9.11045,57.04365],[8.99277,57.01611],[8.87607,56.88726],[8.77197,56.72529],[8.60313,56.7104],[8.46836,56.66455],[8.34668,56.71211],[8.26826,56.754],[8.26631,56.81533],[8.28408,56.85234],[8.42705,56.98442],[8.61856,57.11128],[8.81152,57.11006],[8.95225,57.15059],[9.03633,57.15542],[9.29883,57.14653],[9.43359,57.17432],[9.5543,57.23247],[9.81514,57.47842],[9.96231,57.58096],[10.25908,57.61704],[10.5333,57.7354],[10.60996,57.73691],[10.48096,57.64868],[10.46025,57.61455],[10.44463,57.56221],[10.53711,57.44853],[10.51758,57.37935],[10.52412,57.24321],[10.43691,57.17227],[10.33848,57.02134],[10.29609,56.99912],[10.28701,56.82295],[10.29668,56.78091],[10.28271,56.62051],[10.38359,56.55483],[10.49023,56.52051],[10.8459,56.52173],[10.88281,56.49287],[10.92617,56.44326],[10.89443,56.35903],[10.85645,56.29551],[10.75342,56.24199],[10.62119,56.2021],[10.53896,56.20034],[10.42695,56.27617],[10.37373,56.25156],[10.31875,56.21289],[10.22666,56.00537],[10.22499,56.0],[8.1933,56.0],[8.12148,56.13989],[8.12988,56.32119],[8.16396,56.60688]]],[[[35.16035,61.85864],[35.1707,61.90566],[35.19561,61.98794],[35.25176,62.07969],[35.30801,62.07656],[35.33926,62.03281],[35.34707,61.9978],[35.32578,61.93535],[35.27363,61.87031],[35.20176,61.83906],[35.16035,61.85864]]]]}}]}